Seq.   (i);Núm.;Candidato;Partido/Coligação;Votação;% Válidos
*0001;20120;CARLOS BOLSONARO;PSC;106.657;3,65 %
*0002;50123;TARCÍSIO MOTTA;PSOL - PSOL / PCB;90.473;3,10 %
*0003;25500;CESAR MAIA;DEM;71.468;2,45 %
*0004;15150;ROSA FERNANDES;PMDB;57.868;1,98 %
*0005;50777;MARIELLE FRANCO;PSOL - PSOL / PCB;46.502;1,59 %
*0006;15620;JUNIOR DA LUCINHA;PMDB;45.124;1,54 %
*0007;11111;VERA LINS;PP;36.117;1,24 %
*0008;10123;JOÃO MENDES DE JESUS;PRB;31.516;1,08 %
*0009;45245;TERESA BERGHER;PSDB - PSDB / PPS;30.566;1,05 %
*0010;30300;LEANDRO LYRA;NOVO;29.217;1,00 %
*0011;25622;CARLO CAIADO;DEM;28.122;0,96 %
*0012;15800;JORGE FELIPPE;PMDB;28.104;0,96 %
*0013;15126;JAIRINHO;PMDB;26.047;0,89 %
*0014;15159;THIAGO K. RIBEIRO;PMDB;24.900;0,85 %
*0015;25025;ALEXANDRE ISQUIERDO;DEM;24.701;0,85 %
*0016;11369;MARCELINO D'ALMEIDA;PP;24.196;0,83 %
*0017;15101;CHIQUINHO BRAZÃO;PMDB;23.923;0,82 %
*0018;10999;TÂNIA BASTOS';PRB;22.930;0,78 %
*0019;15123;RAFAEL ALOISIO FREITAS;PMDB;22.897;0,78 %
*0020;10567;BISPO INALDO SILVA;PRB;22.735;0,78 %
*0021;14012;ZICO;PTB;21.565;0,74 %
*0022;15040;WILLIAN COELHO;PMDB;20.678;0,71 %
*0023;15002;VERÔNICA COSTA;PMDB;19.946;0,68 %
*0024;77044;DR. CARLOS EDUARDO;SD - SD / PSL;19.822;0,68 %
*0025;13333;REIMONT;PT - PT / PC do B;19.626;0,67 %
*0026;50555;RENATO CINCO;PSOL - PSOL / PCB;17.162;0,59 %
*0027;13535;LUCIANA NOVAES;PT - PT / PC do B;16.679;0,57 %
*0028;14000;MARCELO ARAR;PTB;16.230;0,56 %
*0029;51888;VAL;PEN - PRTB / PROS / PEN;15.388;0,53 %
*0030;90123;PAULO MESSINA;PROS - PRTB / PROS / PEN;15.346;0,53 %
*0031;14433;ROGERIO ROCAL;PTB;15.055;0,52 %
*0032;15999;DR. JOÃO RICARDO;PMDB;14.994;0,51 %
*0033;12500;RENATO MOURA;PDT;13.572;0,46 %
*0034;31888;MARCELLO SICILIANO;PHS;13.553;0,46 %
*0035;77456;DRº JORGE MANAIA;SD - SD / PSL;13.249;0,45 %
*0036;50111;PAULO PINHEIRO;PSOL - PSOL / PCB;13.141;0,45 %
*0037;55111;JONES MOURA;PSD;12.722;0,44 %
*0038;33123;DR GILBERTO;PMN;12.165;0,42 %
*0039;12603;FERNANDO WILLIAM;PDT;12.055;0,41 %
*0040;50000;LEONEL BRIZOLA NETO;PSOL - PSOL / PCB;11.087;0,38 %
*0041;55622;ELISEU KESSLER;PSD;10.777;0,37 %
*0042;45001;FELIPE MICHEL;PSDB - PSDB / PPS;10.300;0,35 %
*0043;20010;CLÁUDIO CASTRO;PSC;10.262;0,35 %
*0044;45779;PROFESSOR ADALMIR;PSDB - PSDB / PPS;8.804;0,30 %
*0045;25555;PROFESSOR CELIO LUPPARELLI;DEM;8.692;0,30 %
*0046;19019;LUIZ CARLOS RAMOS FILHO;PTN;8.618;0,29 %
*0047;33362;JAIR DA MENDES GOMES;PMN;8.112;0,28 %
*0048;31201;ZICO BACANA;PHS;7.932;0,27 %
*0049;20200;OTONI DE PAULA JR;PSC;7.801;0,27 %
*0050;50500;DAVID MIRANDA;PSOL - PSOL / PCB;7.012;0,24 %
*0051;70669;ITALO CIBA;PT do B - PT do B / PTC;6.023;0,21 %
0052;30005;RENATA GUERRA;NOVO;16.064;0,55 %
0053;15153;ÁTILA A. NUNES;PMDB;14.903;0,51 %
0054;15100;JOÃO CABRAL;PMDB;14.152;0,48 %
0055;15633;PROFESSOR UOSTON;PMDB;13.985;0,48 %
0056;13210;EDSON ZANATA;PT - PT / PC do B;13.668;0,47 %
0057;14001;ALEX COSTA;PTB;13.272;0,45 %
0058;13444;ELTON BABÚ;PT - PT / PC do B;12.924;0,44 %
0059;15688;S FERRAZ;PMDB;12.782;0,44 %
0060;15222;SOLANGE AMARAL;PMDB;11.792;0,40 %
0061;15500;LEILA DO FLAMENGO;PMDB;11.548;0,40 %
0062;15015;DR. EDUARDO MOURA;PMDB;11.470;0,39 %
0063;13000;FELIPE PIRES;PT - PT / PC do B;10.628;0,36 %
0064;12200;DANIEL MARTINS;PDT;9.832;0,34 %
0065;15105;JORGINHO SOS;PMDB;9.809;0,34 %
0066;28777;WELINGTON DIAS;PRTB - PRTB / PROS / PEN;9.288;0,32 %
0067;15021;BRUNO RAMOS;PMDB;9.222;0,32 %
0068;28281;JIMMY PEREIRA;PRTB - PRTB / PROS / PEN;9.190;0,31 %
0069;13456;LOURIVAL CASULA;PT - PT / PC do B;8.954;0,31 %
0070;15777;EDUARDÃO;PMDB;8.750;0,30 %
0071;25456;MATHEUS FLORIANO;DEM;8.620;0,30 %
0072;13123;ROBERTO MONTEIRO;PT - PT / PC do B;8.614;0,29 %
0073;15838;SERGINHO DA PASTELARIA;PMDB;8.529;0,29 %
0074;11015;RODRIGO VIZEU;PP;8.163;0,28 %
0075;12777;DUDA PETRA;PDT;8.108;0,28 %
0076;45000;ARRAES;PSDB - PSDB / PPS;7.687;0,26 %
0077;23456;GEORGETTE VIDOR;PPS - PSDB / PPS;7.554;0,26 %
0078;14678;CLEIBE DO RIO;PTB;7.385;0,25 %
0079;25333;MÁRIO JÚNIOR;DEM;7.323;0,25 %
0080;55055;MARCIA TEIXEIRA;PSD;7.303;0,25 %
0081;55555;PORTINHO;PSD;7.104;0,24 %
0082;15006;ANDRADE;PMDB;6.978;0,24 %
0083;25015;MARCELLO BARBOSA;DEM;6.947;0,24 %
0084;31031;MARCELO PIUI;PHS;6.834;0,23 %
0085;11123;PABLO MELLO;PP;6.763;0,23 %
0086;28055;FABINHO;PRTB - PRTB / PROS / PEN;6.664;0,23 %
0087;50100;BABÁ;PSOL - PSOL / PCB;6.661;0,23 %
0088;50505;DR. MARCOS PAULO;PSOL - PSOL / PCB;6.577;0,23 %
0089;77777;DR. SERGIO ALVES;SD - SD / PSL;6.371;0,22 %
0090;28000;KADINHO DA AUTO ESCOLA;PRTB - PRTB / PROS / PEN;6.336;0,22 %
0091;50222;WILLIAM SIRI;PSOL - PSOL / PCB;6.286;0,22 %
0092;28088;DAVID MARIANO;PRTB - PRTB / PROS / PEN;6.222;0,21 %
0093;19345;MARCELINO DO RIO;PTN;6.194;0,21 %
0094;12345;AUGUSTO RIBEIRO;PDT;6.173;0,21 %
0095;50169;INDIANARA SIQUEIRA;PSOL - PSOL / PCB;6.166;0,21 %
0096;65656;ENFERMEIRO PEDRO DE JESUS;PC do B - PT / PC do B;6.010;0,21 %
0097;70277;CASSETTI DO PARQUE MADUREIRA;PT do B - PT do B / PTC;5.906;0,20 %
0098;77088;ANDRÉ OLIVEIRA / ANDRÉ DO TAXI;SD - SD / PSL;5.769;0,20 %
0099;45555;PROFESSOR EDUARDO SOL;PSDB - PSDB / PPS;5.741;0,20 %
0100;11000;RAPHAEL GATTÁS;PP;5.699;0,20 %
0101;11222;NELSINHO MIRALDI;PP;5.678;0,19 %
0102;45633;DR. MARCUS GUEDES;PSDB - PSDB / PPS;5.623;0,19 %
0103;55855;PROFESSOR CALVINHO;PSD;5.603;0,19 %
0104;15001;NESTOR ROCHA;PMDB;5.351;0,18 %
0105;50052;NILCEA FREIRE;PSOL - PSOL / PCB;5.287;0,18 %
0106;10474;TIÃOZINHO JACARÉ;PRB;5.225;0,18 %
0107;33616;ULISSES MARINS;PMN;5.193;0,18 %
0108;70015;EDIMAR TEIXEIRA;PT do B - PT do B / PTC;5.080;0,17 %
0109;11456;FAUSTO ALVES;PP;4.990;0,17 %
0110;55333;IGOR BICACO;PSD;4.823;0,17 %
0111;15626;AGNALDO TIMOTEO;PMDB;4.821;0,17 %
0112;55123;ROBERTO TEIXEIRA;PSD;4.792;0,16 %
0113;25181;LUCIANO MEDEIROS;DEM;4.698;0,16 %
0114;31178;SPIFF;PHS;4.660;0,16 %
0115;33778;EDMILSON BARÃO;PMN;4.650;0,16 %
0116;31444;NIDO DA PADARIA;PHS;4.628;0,16 %
0117;14123;ADRIANO BERNARDO;PTB;4.565;0,16 %
0118;14567;EMIDIO DO BADALO;PTB;4.523;0,15 %
0119;12100;CACAU DE BRITO;PDT;4.515;0,15 %
0120;77007;CHININHA;SD - SD / PSL;4.486;0,15 %
0121;33033;RUBENS TEIXEIRA;PMN;4.485;0,15 %
0122;45450;PEDRO DUARTE;PSDB - PSDB / PPS;4.450;0,15 %
0123;14888;DR. ACYR;PTB;4.442;0,15 %
0124;19650;JORGE MAURO;PTN;4.440;0,15 %
0125;20001;FÁTIMA DA SOLIDARIEDADE;PSC;4.419;0,15 %
0126;15010;REGINA CELI;PMDB;4.280;0,15 %
0127;33128;TIÃO GODINHO;PMN;4.180;0,14 %
0128;50420;ANDRÉ BARROS;PSOL - PSOL / PCB;4.022;0,14 %
0129;19744;ALEXANDRE OLIVEIRA;PTN;4.022;0,14 %
0130;31500;DR. VELOSO;PHS;4.003;0,14 %
0131;25888;SÉRGIO NEGUINHO;DEM;3.921;0,13 %
0132;70888;MAURIZETE ARRUDA;PT do B - PT do B / PTC;3.904;0,13 %
0133;14111;ANDRÉ TRIANI;PTB;3.903;0,13 %
0134;70777;MC DOCA;PT do B - PT do B / PTC;3.902;0,13 %
0135;20111;ROBINHO;PSC;3.807;0,13 %
0136;50050;PROFESSOR MARCOS RIBEIRO;PSOL - PSOL / PCB;3.775;0,13 %
0137;45005;PROFESSOR MURDOCH;PSDB - PSDB / PPS;3.759;0,13 %
0138;14100;GALÔ FERNANDES;PTB;3.753;0,13 %
0139;70107;PEDREGAL;PT do B - PT do B / PTC;3.721;0,13 %
0140;20000;CHAGAS BOLA;PSC;3.537;0,12 %
0141;33330;PROFESSOR ZÉ PAULO;PMN;3.494;0,12 %
0142;33324;MARQUINHO TURIAÇU;PMN;3.475;0,12 %
0143;14789;ANDERSON ROCHA;PTB;3.461;0,12 %
0144;31231;DANIEL MOFACTO;PHS;3.450;0,12 %
0145;33133;GILBERTO RODOVIARIO;PMN;3.439;0,12 %
0146;45678;LURDINHA HENRIQUES;PSDB - PSDB / PPS;3.400;0,12 %
0147;51051;RICARDO RIGUETO;PEN - PRTB / PROS / PEN;3.390;0,12 %
0148;25017;ALBERTO DA DEZESSETE;DEM;3.389;0,12 %
0149;20777;COMANDANTE ADONIS;PSC;3.386;0,12 %
0150;77000;GIL OUTEIRO;SD - SD / PSL;3.352;0,11 %
0151;33148;CLOVINHO;PMN;3.271;0,11 %
0152;33000;DELCIO DA AUTO PEÇAS;PMN;3.253;0,11 %
0153;12600;SUELY GUSSO;PDT;3.185;0,11 %
0154;15377;CELSO COSTA;PMDB;3.179;0,11 %
0155;70260;DANIELA DENTISTA;PT do B - PT do B / PTC;3.149;0,11 %
0156;19123;JOSE CARLOS ZICA;PTN;3.106;0,11 %
0157;25222;LILIAM SÁ;DEM;3.084;0,11 %
0158;28888;ROBSON ANDRÉ;PRTB - PRTB / PROS / PEN;3.007;0,10 %
0159;31432;FERNANDO REI DA EMPADA;PHS;2.985;0,10 %
0160;12910;ADILSON TAIPAN;PDT;2.981;0,10 %
0161;28010;FLÁVIO CALAND;PRTB - PRTB / PROS / PEN;2.969;0,10 %
0162;25551;JARBAS OLIVEIRA;DEM;2.950;0,10 %
0163;14777;LAURINHO;PTB;2.924;0,10 %
0164;45620;SILVINHO DA RAZÃO;PSDB - PSDB / PPS;2.917;0,10 %
0165;25000;CLAUDINHO BIJU;DEM;2.914;0,10 %
0166;10987;JOEL MACHADO;PRB;2.894;0,10 %
0167;30007;ALEXANDRE FREITAS;NOVO;2.886;0,10 %
0168;12333;JAIME MELO;PDT;2.847;0,10 %
0169;11234;SERJÃO;PP;2.780;0,10 %
0170;77123;MARCELO CARCELO;SD - SD / PSL;2.715;0,09 %
0171;33111;FABIO CARINO;PMN;2.705;0,09 %
0172;31000;COMANDANTE RIBEIRO AFONSO;PHS;2.704;0,09 %
0173;45006;CLEUSA PRETA LOIRA;PSDB - PSDB / PPS;2.694;0,09 %
0174;14014;DR. PEDRO CIRILLO;PTB;2.684;0,09 %
0175;70217;ANDRÉ SANTANA PETINHA;PT do B - PT do B / PTC;2.663;0,09 %
0176;10012;ITAGIBE CABRAL;PRB;2.627;0,09 %
0177;14711;CARLINHOS MECÂNICO;PTB;2.605;0,09 %
0178;10190;DOUGLAS MANASSÉS;PRB;2.604;0,09 %
0179;11404;DELON DA JUVENTUDE;PP;2.566;0,09 %
0180;13603;EDSON BAÍGA;PT - PT / PC do B;2.541;0,09 %
0181;77210;ROBERTO DINAMITE;SD - SD / PSL;2.518;0,09 %
0182;77156;RODRIGO FARIAS O XUXA;SD - SD / PSL;2.515;0,09 %
0183;11001;DR. NEWTON;PP;2.508;0,09 %
0184;33222;LENILTON RODRIGUES;PMN;2.465;0,08 %
0185;11555;LEO PINTO;PP;2.462;0,08 %
0186;19100;PAULINHO DO TRAYLLER;PTN;2.461;0,08 %
0187;45030;XANDINHO JOGADOR;PSDB - PSDB / PPS;2.455;0,08 %
0188;19999;GILBERTO BETÃO;PTN;2.448;0,08 %
0189;36036;LUCIANA TAMBURINI;PTC - PT do B / PTC;2.443;0,08 %
0190;12284;THIAGUINHO DA MANGUEIRA;PDT;2.416;0,08 %
0191;33023;ROBSON SANTOS SOCORRISTA;PMN;2.401;0,08 %
0192;14200;LIL;PTB;2.373;0,08 %
0193;14333;ELIANE REIS;PTB;2.360;0,08 %
0194;30000;MARCELO BANDEIRA;NOVO;2.333;0,08 %
0195;14321;DR. JORGE LUCENA;PTB;2.330;0,08 %
0196;45333;ALEIXO DA AUTO ESCOLA;PSDB - PSDB / PPS;2.324;0,08 %
0197;14544;GENIVALDO NOGUEIRA;PTB;2.308;0,08 %
0198;11711;DR. RENATO PINNA;PP;2.294;0,08 %
0199;14077;LETÍCIA PIRES DO MEGAFONE;PTB;2.241;0,08 %
0200;33193;BOLA MACEDO;PMN;2.236;0,08 %
0201;33345;PROF JONATAS CASTELO BRANCO;PMN;2.227;0,08 %
0202;51555;LEANDRO ALVES;PEN - PRTB / PROS / PEN;2.223;0,08 %
0203;55008;ISAC DO EMPREGO;PSD;2.193;0,08 %
0204;14011;ADELSON GUEDES;PTB;2.192;0,08 %
0205;55655;CLAUDINHO DO SOM;PSD;2.171;0,07 %
0206;33633;BATISTA DA FARMACIA;PMN;2.161;0,07 %
0207;70324;MARLI MORAES;PT do B - PT do B / PTC;2.158;0,07 %
0208;19888;KITTO DO POVO;PTN;2.130;0,07 %
0209;30123;LUCIANO FELIPE;NOVO;2.114;0,07 %
0210;30456;JORGE ABREU;NOVO;2.099;0,07 %
0211;19222;CHRIS AGUIAR;PTN;2.096;0,07 %
0212;19777;AFONSINHO;PTN;2.078;0,07 %
0213;25256;JERONIMO TELLES;DEM;2.078;0,07 %
0214;12123;PEDRO PORFIRIO;PDT;2.077;0,07 %
0215;21321;HEITOR CESAR;PCB - PSOL / PCB;2.067;0,07 %
0216;30500;GUSTAVO MOTA;NOVO;2.058;0,07 %
0217;65123;ROMARIO GALVÃO;PC do B - PT / PC do B;2.054;0,07 %
0218;70193;ALAIRTO LALA;PT do B - PT do B / PTC;2.053;0,07 %
0219;31040;GUGU;PHS;2.026;0,07 %
0220;50133;ALAN MACHADO;PSOL - PSOL / PCB;2.004;0,07 %
0221;50220;PROFESSOR MARCUS MENEZES;PSOL - PSOL / PCB;2.002;0,07 %
0222;77377;SANDRA DE SÁ;SD - SD / PSL;1.993;0,07 %
0223;20098;PERUCA;PSC;1.960;0,07 %
0224;33577;JOELSON PEREIRA;PMN;1.956;0,07 %
0225;19101;EDSON FREITAS;PTN;1.954;0,07 %
0226;36176;JOSE CARLOS MODESTO;PTC - PT do B / PTC;1.930;0,07 %
0227;14665;MARCIA REIS;PTB;1.893;0,06 %
0228;50005;IVONE PITA;PSOL - PSOL / PCB;1.892;0,06 %
0229;50333;GUILHERME COHEN;PSOL - PSOL / PCB;1.890;0,06 %
0230;12340;DONA REGINA DO IRAJA;PDT;1.887;0,06 %
0231;31011;FERNANDINHO SHANGRILÁ;PHS;1.881;0,06 %
0232;10000;GUSMÃO;PRB;1.876;0,06 %
0233;25381;PAULINHO DO AVIÁRIO;DEM;1.870;0,06 %
0234;33333;EDIMILSON NAPOLEÃO;PMN;1.863;0,06 %
0235;55777;PASTOR JOSÉ CARLOS  DOMINGOS;PSD;1.849;0,06 %
0236;50567;CAROLINA CACAU;PSOL - PSOL / PCB;1.842;0,06 %
0237;19007;ROBERT WENSE;PTN;1.833;0,06 %
0238;12346;AMADEU TEIXEIRA;PDT;1.828;0,06 %
0239;70111;VALDIR CORREA;PT do B - PT do B / PTC;1.826;0,06 %
0240;50444;MICAEL AMARANTE;PSOL - PSOL / PCB;1.812;0,06 %
0241;10605;GILSON FEIJÃO;PRB;1.803;0,06 %
0242;12555;HILTINHO;PDT;1.791;0,06 %
0243;31193;BOMBEIRO PROFESSOR FÁBIO GOMES;PHS;1.778;0,06 %
0244;14300;ALEX BARROS;PTB;1.768;0,06 %
0245;28100;BRUNO NASCIMENTO;PRTB - PRTB / PROS / PEN;1.768;0,06 %
0246;12112;BINHO CULTURA;PDT;1.759;0,06 %
0247;25101;RICARDO TEIXEIRA;DEM;1.756;0,06 %
0248;20033;GERSON PAULO;PSC;1.755;0,06 %
0249;14070;ROMMEL CARDOZO;PTB;1.755;0,06 %
0250;10555;PRISCILA NAVAL;PRB;1.746;0,06 %
0251;45777;VALDIR VIRGENS;PSDB - PSDB / PPS;1.724;0,06 %
0252;19021;GUILHERME BENCARDINO;PTN;1.715;0,06 %
0253;11112;PINHEIRO;PP;1.710;0,06 %
0254;28133;JORGE TURCO;PRTB - PRTB / PROS / PEN;1.704;0,06 %
0255;13513;MITÃ;PT - PT / PC do B;1.669;0,06 %
0256;33103;JORGINHO  VISÃO;PMN;1.665;0,06 %
0257;33009;GILMAR REIS;PMN;1.649;0,06 %
0258;11300;ALAN;PP;1.637;0,06 %
0259;55900;ONASSIS;PSD;1.634;0,06 %
0260;70070;DUDU NOBRE;PT do B - PT do B / PTC;1.625;0,06 %
0261;55955;DOUTORA ANGELA TENORIO;PSD;1.621;0,06 %
0262;14356;ALTAMIR DA NERVAL;PTB;1.594;0,05 %
0263;33336;PROF. VINICIUS COCA;PMN;1.579;0,05 %
0264;14114;DR. TADEU GARRIDO;PTB;1.574;0,05 %
0265;13001;VALMIZINHO;PT - PT / PC do B;1.526;0,05 %
0266;11444;ZEZINHO DA SAUDE;PP;1.526;0,05 %
0267;17000;PEDRO RAFAEL;PSL - SD / PSL;1.520;0,05 %
0268;10250;LUCIANA CALAÇA;PRB;1.509;0,05 %
0269;12378;POETA;PDT;1.508;0,05 %
0270;30333;MARA FROIMTCHUK;NOVO;1.506;0,05 %
0271;14007;DR. DANIEL GONÇALVES;PTB;1.454;0,05 %
0272;19762;NEGO PIZA;PTN;1.450;0,05 %
0273;33301;JOSE EVERALDO;PMN;1.447;0,05 %
0274;33555;WILIAM EMILIANO;PMN;1.397;0,05 %
0275;70770;MARIO BOLÃO;PT do B - PT do B / PTC;1.389;0,05 %
0276;50180;MARCELO BIAR;PSOL - PSOL / PCB;1.352;0,05 %
0277;11115;LUIZ CARLOS PUGIALLI;PP;1.349;0,05 %
0278;10427;SANDRA MARA DOS BICHINHOS;PRB;1.337;0,05 %
0279;20012;DAMIÃO FERNANDES;PSC;1.337;0,05 %
0280;31333;TIA ZEZÉ;PHS;1.335;0,05 %
0281;70607;JOEL;PT do B - PT do B / PTC;1.335;0,05 %
0282;30630;ANDREA NERO;NOVO;1.321;0,05 %
0283;31007;EDUARDO TORRES;PHS;1.318;0,05 %
0284;19033;ALVARO TIRRINA;PTN;1.314;0,04 %
0285;51689;MARCELO HONORATO;PEN - PRTB / PROS / PEN;1.311;0,04 %
0286;20456;ENFERMEIRA JANAÍNA GUIMARÃES;PSC;1.301;0,04 %
0287;19066;FABIO LIMA;PTN;1.287;0,04 %
0288;25005;MANGIA;DEM;1.286;0,04 %
0289;12767;LORENZ MELO;PDT;1.274;0,04 %
0290;19121;CICERO AMARAL;PTN;1.270;0,04 %
0291;23222;KIKO;PPS - PSDB / PPS;1.263;0,04 %
0292;19011;JONAS CAMISETA;PTN;1.227;0,04 %
0293;45666;PAULO CABELO;PSDB - PSDB / PPS;1.213;0,04 %
0294;17420;JOAO PEDRO CARVALHO;PSL - SD / PSL;1.206;0,04 %
0295;25252;MARCEL VASCONCELOS;DEM;1.204;0,04 %
0296;77634;PEDRO SANTORO;SD - SD / PSL;1.203;0,04 %
0297;31033;MARCO LEITE;PHS;1.193;0,04 %
0298;31233;PANTERA VAN Q VEM;PHS;1.179;0,04 %
0299;28040;ALEXIS;PRTB - PRTB / PROS / PEN;1.174;0,04 %
0300;50750;ANTÔNIO JÚNIOR;PSOL - PSOL / PCB;1.165;0,04 %
0301;55222;RENATO ROSAS;PSD;1.161;0,04 %
0302;25777;MARCELO DA CONSTRUÇÃO;DEM;1.144;0,04 %
0303;45444;MARIO LUCIO;PSDB - PSDB / PPS;1.143;0,04 %
0304;30003;ANTONIO HADLICH;NOVO;1.125;0,04 %
0305;77022;ALAN SILVA;SD - SD / PSL;1.122;0,04 %
0306;28052;TIA TERESINHA;PRTB - PRTB / PROS / PEN;1.113;0,04 %
0307;19234;KLEBER FERREIRA;PTN;1.112;0,04 %
0308;31918;JEAN FIGUEIREDO;PHS;1.112;0,04 %
0309;11600;MARCO ANTONIO TOTÓ;PP;1.111;0,04 %
0310;51111;JOÃO VALOIS;PEN - PRTB / PROS / PEN;1.108;0,04 %
0311;31051;TUNICO O AMIGO DO POVO;PHS;1.107;0,04 %
0312;30200;EDUARDO VIEIRA;NOVO;1.100;0,04 %
0313;11117;MARCELO DA HORA;PP;1.099;0,04 %
0314;31016;MAURA GUERREIRA;PHS;1.098;0,04 %
0315;77999;PIMENTA;SD - SD / PSL;1.094;0,04 %
0316;31222;ZENANI;PHS;1.088;0,04 %
0317;45456;ADENIL COSTA;PSDB - PSDB / PPS;1.074;0,04 %
0318;12712;OGÃ JAÇANÃ;PDT;1.071;0,04 %
0319;12622;IVAN PEDRO;PDT;1.066;0,04 %
0320;19773;BISPO ALESSANDRO MACHADO;PTN;1.063;0,04 %
0321;14167;MARQUINHO DA SAÚDE;PTB;1.061;0,04 %
0322;55762;REINALDO HENRIQUES;PSD;1.053;0,04 %
0323;31320;SÉRGIO FERREIRA;PHS;1.050;0,04 %
0324;10198;RAPHAEL LEANDRO;PRB;1.036;0,04 %
0325;28108;MARIO DO CONSELHO;PRTB - PRTB / PROS / PEN;1.034;0,04 %
0326;45021;PEDRO ROGAR;PSDB - PSDB / PPS;1.032;0,04 %
0327;19965;GILSON RODRIGUES;PTN;1.031;0,04 %
0328;50130;CRISTINA BISCAIA;PSOL - PSOL / PCB;1.025;0,04 %
0329;20055;RODRIGO MARTINS;PSC;1.025;0,04 %
0330;25321;PROFESSOR TELSON;DEM;1.024;0,04 %
0331;33001;THIAGÃO;PMN;1.000;0,03 %
0332;17001;ANTONIO TIBURCIO;PSL - SD / PSL;999;0,03 %
0333;51393;JAILSON;PEN - PRTB / PROS / PEN;999;0,03 %
0334;70908;BRÁULIO RODRIGUES;PT do B - PT do B / PTC;996;0,03 %
0335;51395;ALEX DA ÓTICA;PEN - PRTB / PROS / PEN;994;0,03 %
0336;28007;NINHO;PRTB - PRTB / PROS / PEN;990;0,03 %
0337;55606;JOANA D ARC;PSD;985;0,03 %
0338;12395;KEDSON DO BOEMIOS;PDT;985;0,03 %
0339;14555;LEONARDO MELLO;PTB;985;0,03 %
0340;19147;JAMILLE CRISTINA;PTN;980;0,03 %
0341;19000;DRº MARIO DE ALMEIDA;PTN;978;0,03 %
0342;30789;CHRIS AGUEDA;NOVO;976;0,03 %
0343;20021;CRISTIANO ACCIOLI;PSC;973;0,03 %
0344;25001;KELLY SERRA;DEM;964;0,03 %
0345;77577;JOVITA BELFORT;SD - SD / PSL;963;0,03 %
0346;50010;PROFESSOR PAULO HENRIQUE;PSOL - PSOL / PCB;959;0,03 %
0347;70000;REGIS FILHO;PT do B - PT do B / PTC;955;0,03 %
0348;45111;ANNIBAL ENERGIA;PSDB - PSDB / PPS;954;0,03 %
0349;19322;SALATHIEL SALADA;PTN;939;0,03 %
0350;10003;FABIANO JACOB;PRB;938;0,03 %
0351;31160;CARLINHOS JACARÉ;PHS;933;0,03 %
0352;19866;MAX SENNA;PTN;933;0,03 %
0353;23127;FAFA;PPS - PSDB / PPS;932;0,03 %
0354;20704;ALEX BRIZOLA;PSC;931;0,03 %
0355;10456;JOÃO DA PADARIA;PRB;928;0,03 %
0356;14991;CARLOS VICENTE;PTB;926;0,03 %
0357;10112;ROQUE GUERREIRO;PRB;920;0,03 %
0358;10121;ANDRÉ BRASIL;PRB;919;0,03 %
0359;25345;TIO NEY DO ESCOLAR;DEM;916;0,03 %
0360;45100;INGRID MERENDA;PSDB - PSDB / PPS;905;0,03 %
0361;17066;ALEX RIBEIRO O PAI GUERREIRO;PSL - SD / PSL;903;0,03 %
0362;77001;ELIZEU ARAÚJO;SD - SD / PSL;901;0,03 %
0363;25625;DEISE MENEZES;DEM;898;0,03 %
0364;30730;LEANDRO NAMORA MAGDALENA;NOVO;898;0,03 %
0365;90800;COMANDANTE NORBERTO;PROS - PRTB / PROS / PEN;896;0,03 %
0366;77765;CARLOS DINIZ;SD - SD / PSL;896;0,03 %
0367;31311;TOBIAS LUIZ;PHS;893;0,03 %
0368;31330;MC TABAJARA;PHS;891;0,03 %
0369;65321;VIVI CDD;PC do B - PT / PC do B;891;0,03 %
0370;31551;BETO MOREIRA;PHS;888;0,03 %
0371;77155;DR. FRANCISCO XAVIER OLIVEIRA;SD - SD / PSL;887;0,03 %
0372;25007;FELIPE CASTRONEVES;DEM;886;0,03 %
0373;50008;CÉSAR RIBEIRO;PSOL - PSOL / PCB;884;0,03 %
0374;55664;OSVALDO MAIA;PSD;881;0,03 %
0375;17023;LÉO CANELA;PSL - SD / PSL;878;0,03 %
0376;31456;DR. MAGNELSON;PHS;877;0,03 %
0377;36500;SIDNEY OLIVEIRA;PTC - PT do B / PTC;877;0,03 %
0378;36071;LUIZ KBELINHO;PTC - PT do B / PTC;877;0,03 %
0379;12222;DIEGO BRITTO;PDT;875;0,03 %
0380;25020;PROFESSOR ALEXANDRE BORGES;DEM;869;0,03 %
0381;11611;DRA. JOSY MOURA;PP;860;0,03 %
0382;77010;ARLY DO VOLEI;SD - SD / PSL;856;0,03 %
0383;20556;CARLOS BIGU;PSC;854;0,03 %
0384;15333;DENISE RIVERA;PMDB;853;0,03 %
0385;15551;VANESSA FERREIRA;PMDB;853;0,03 %
0386;70881;GUILHERME MENEZES;PT do B - PT do B / PTC;848;0,03 %
0387;55007;PROFª. SELMA FATIMA;PSD;846;0,03 %
0388;10633;TUNINHO ESPIRITO SANTO;PRB;843;0,03 %
0389;31688;JORGE BORGES DE VASCONCELOS;PHS;838;0,03 %
0390;12643;CARLINHO DEPOSITO;PDT;838;0,03 %
0391;10013;MIRO MIROX;PRB;837;0,03 %
0392;19001;JORGE FONSECA VIZINHO;PTN;833;0,03 %
0393;55105;PAI DA MANÚ;PSD;831;0,03 %
0394;30193;FLAVIO VALLE;NOVO;828;0,03 %
0395;25708;JONATHAN SABINO O JOGADOR;DEM;823;0,03 %
0396;31555;DOUTORA LIGIA;PHS;823;0,03 %
0397;31669;STIVE AQUI;PHS;823;0,03 %
0398;12010;CARLAO;PDT;821;0,03 %
0399;30021;HENRIQUE ANDRADE;NOVO;819;0,03 %
0400;14914;CARLOS CAJAZEIRA;PTB;817;0,03 %
0401;55001;PROF. REGIS DE CARVALHO;PSD;814;0,03 %
0402;51551;ANDRÉ GARI;PEN - PRTB / PROS / PEN;810;0,03 %
0403;17312;LUIZ JORNALEIRO;PSL - SD / PSL;809;0,03 %
0404;28628;ALVARO TITO;PRTB - PRTB / PROS / PEN;803;0,03 %
0405;70338;WANDERLEY FILHO;PT do B - PT do B / PTC;803;0,03 %
0406;28008;MISSIONARIO THIAGO DE ACARI;PRTB - PRTB / PROS / PEN;800;0,03 %
0407;20247;ELAINE MARTINS;PSC;795;0,03 %
0408;19803;JORGE SANTOS;PTN;793;0,03 %
0409;70123;GUSTAVO MINEIRO;PT do B - PT do B / PTC;793;0,03 %
0410;33233;JACQUELINE MACEDO;PMN;792;0,03 %
0411;45123;PROFESSOR WASHINGTON REIS;PSDB - PSDB / PPS;790;0,03 %
0412;30010;PH;NOVO;787;0,03 %
0413;31131;ANDRÉ GUARATIBA;PHS;784;0,03 %
0414;45898;PAULINHO DA LOCADORA;PSDB - PSDB / PPS;782;0,03 %
0415;28910;ELVIS CMT;PRTB - PRTB / PROS / PEN;782;0,03 %
0416;17774;BETO RPA;PSL - SD / PSL;777;0,03 %
0417;36399;BARQUETA;PTC - PT do B / PTC;774;0,03 %
0418;20391;LEANDRO SHERMAN;PSC;772;0,03 %
0419;11101;ALMIR RANGEL;PP;763;0,03 %
0420;20007;PIETROFORTE;PSC;763;0,03 %
0421;31018;CARLOS ALBERTO JUNIOR;PHS;763;0,03 %
0422;20100;BRUNO AMÉM;PSC;757;0,03 %
0423;19002;ALEX DORIA;PTN;756;0,03 %
0424;50001;GUSTAVO BUENO;PSOL - PSOL / PCB;752;0,03 %
0425;19908;PAULINHO DO CPX;PTN;749;0,03 %
0426;77313;SHREK;SD - SD / PSL;748;0,03 %
0427;10101;JORGE COUTO;PRB;743;0,03 %
0428;19369;CONSUELO MACHADO;PTN;737;0,03 %
0429;50234;ROGERIO BORBA;PSOL - PSOL / PCB;737;0,03 %
0430;14214;XUXETE HOLLYDAY;PTB;730;0,02 %
0431;51537;LINO;PEN - PRTB / PROS / PEN;729;0,02 %
0432;45045;RENATO MELO;PSDB - PSDB / PPS;724;0,02 %
0433;70007;PROFESSOR PAULO VICENTE;PT do B - PT do B / PTC;723;0,02 %
0434;10777;ROBERTA GRIPP;PRB;715;0,02 %
0435;20037;PASTOR JUSANI;PSC;707;0,02 %
0436;10886;HELINHO;PRB;707;0,02 %
0437;10500;GILMAR HENRIQUE;PRB;707;0,02 %
0438;10036;RENATO DUTRA;PRB;705;0,02 %
0439;25325;REYNALDO PAES;DEM;704;0,02 %
0440;25797;EMERSON LUCIO;DEM;703;0,02 %
0441;19619;YOLANDA BRACONNOT;PTN;701;0,02 %
0442;50977;CLARA DA FONSECA;PSOL - PSOL / PCB;700;0,02 %
0443;14881;RODRIGO SCHWARTZ;PTB;699;0,02 %
0444;30023;PAULO MATTOS;NOVO;698;0,02 %
0445;70150;FRANCISCO TRINDADE;PT do B - PT do B / PTC;696;0,02 %
0446;30100;JULIO AZEVEDO;NOVO;689;0,02 %
0447;11312;JOCA O NORDESTINO CARIOCA;PP;685;0,02 %
0448;11777;WILLIAM CORREIA;PP;681;0,02 %
0449;25122;RAILDA FRANÇA;DEM;677;0,02 %
0450;10111;PROFESSORA SANDRA DE SÁ;PRB;677;0,02 %
0451;19645;PALU SANTANA;PTN;675;0,02 %
0452;33223;NILSON O  ABENÇOADO;PMN;673;0,02 %
0453;31052;BRUNNO MELCHIADES;PHS;671;0,02 %
0454;50004;WASHINGTON JUNIOR;PSOL - PSOL / PCB;669;0,02 %
0455;12211;HELENA DESPACHANTE;PDT;664;0,02 %
0456;31234;ALESSANDER CUNHA;PHS;662;0,02 %
0457;33946;TIÃO DO RIO;PMN;658;0,02 %
0458;70177;NETO RODRIGUES;PT do B - PT do B / PTC;652;0,02 %
0459;51117;ANA VALERIA;PEN - PRTB / PROS / PEN;651;0,02 %
0460;11511;DENISE NOVA ALIANÇA;PP;649;0,02 %
0461;36013;ROGÉRIO DEIO;PTC - PT do B / PTC;643;0,02 %
0462;10222;FRANCISCO MÚRMURA;PRB;642;0,02 %
0463;19254;LINS CERQUEIRA;PTN;634;0,02 %
0464;77165;RODRIGO MAGRÃO;SD - SD / PSL;633;0,02 %
0465;28410;MESTRE DINHO;PRTB - PRTB / PROS / PEN;630;0,02 %
0466;14231;ROMÁRIO ROMA;PTB;630;0,02 %
0467;31217;ADRIANO DIDI;PHS;626;0,02 %
0468;10089;BAIANA DA ILHA;PRB;623;0,02 %
0469;33100;FABIO PICANÇO;PMN;623;0,02 %
0470;19810;JAIME CESÁRIO;PTN;622;0,02 %
0471;33192;MARCOS AURÉLIO DA ENFERMAGEM;PMN;622;0,02 %
0472;65401;CLAUDINEI;PC do B - PT / PC do B;620;0,02 %
0473;19940;NINO;PTN;611;0,02 %
0474;10004;PENHA MORAES;PRB;609;0,02 %
0475;70325;JULIO CAMPEIRO;PT do B - PT do B / PTC;609;0,02 %
0476;28284;DALMINHO FILHO DO DALMO;PRTB - PRTB / PROS / PEN;608;0,02 %
0477;11256;PAULÃO;PP;608;0,02 %
0478;77387;FELIPE ALMEIDA;SD - SD / PSL;608;0,02 %
0479;30130;LUIZA ROCHA;NOVO;605;0,02 %
0480;20500;MAESTRO NELSON NIRENBERG;PSC;604;0,02 %
0481;14667;WILLIAN GARI DO CHAPÉU;PTB;603;0,02 %
0482;30999;PAULO PORTINHO;NOVO;602;0,02 %
0483;10124;MARCELO VIEIRA;PRB;601;0,02 %
0484;20444;DELEGADO MARCELO;PSC;599;0,02 %
0485;33030;ALAN KARDEC;PMN;598;0,02 %
0486;20820;ANDRÉ LAZANHA;PSC;598;0,02 %
0487;55060;LUIZINHO DA PENHA;PSD;597;0,02 %
0488;11118;NELSON DE ALENCASTRO GUIMARAES;PP;593;0,02 %
0489;45745;PAULO NONATO;PSDB - PSDB / PPS;593;0,02 %
0490;25050;VEVÊ;DEM;590;0,02 %
0491;55000;AGUIAR;PSD;590;0,02 %
0492;45210;SERGIO NOTA 10;PSDB - PSDB / PPS;587;0,02 %
0493;31318;MARCOS NEVES;PHS;586;0,02 %
0494;12000;HILTON MAN;PDT;578;0,02 %
0495;28011;DAVID ROCHA;PRTB - PRTB / PROS / PEN;577;0,02 %
0496;30746;FABIANA AZEVEDO;NOVO;577;0,02 %
0497;25170;SERGIO TREM;DEM;575;0,02 %
0498;30001;ISMAEL COSTA RAMOS;NOVO;572;0,02 %
0499;50888;YANGO;PSOL - PSOL / PCB;568;0,02 %
0500;14727;EDNA DA FÉ;PTB;567;0,02 %
0501;55737;JOAQUIM LOURENÇO;PSD;565;0,02 %
0502;31939;MAURÍCIO DO MERCADO;PHS;565;0,02 %
0503;23654;JANA CAÇÃO;PPS - PSDB / PPS;564;0,02 %
0504;31035;SOLANGE ROSA;PHS;563;0,02 %
0505;28987;PAULO DA MANGUEIRA;PRTB - PRTB / PROS / PEN;562;0,02 %
0506;55018;PH PEREIRA;PSD;559;0,02 %
0507;19058;DEED;PTN;558;0,02 %
0508;50456;PEDRO PAULO CRUZ;PSOL - PSOL / PCB;558;0,02 %
0509;28762;MARQUINHO DESAFIO;PRTB - PRTB / PROS / PEN;558;0,02 %
0510;25110;EDUARDO GIL;DEM;554;0,02 %
0511;10120;GILBERTO DAS FAIXAS;PRB;550;0,02 %
0512;33232;JORGE COLINS;PMN;549;0,02 %
0513;33003;WAGNER SATRIANNY;PMN;546;0,02 %
0514;10110;KARÃO;PRB;545;0,02 %
0515;77333;ALEX DA FEIRA SÃO CRISTOVÃO;SD - SD / PSL;545;0,02 %
0516;14015;LEANDRO FELIX;PTB;545;0,02 %
0517;30069;CARLOS DELGADO;NOVO;544;0,02 %
0518;19039;TIBÓIA;PTN;539;0,02 %
0519;12129;CARLINHOS MISSIL GARCIA;PDT;539;0,02 %
0520;45445;RAFAEL XAVIER;PSDB - PSDB / PPS;538;0,02 %
0521;45605;ALBINO BATISTA;PSDB - PSDB / PPS;536;0,02 %
0522;20002;BAIXINHO DE SANTA CRUZ;PSC;536;0,02 %
0523;11012;CATIA FIUZA;PP;535;0,02 %
0524;77110;ODONEL SOUSA;SD - SD / PSL;534;0,02 %
0525;19247;IVANILDO DA CAMARISTA;PTN;531;0,02 %
0526;45345;LUIZINHO;PSDB - PSDB / PPS;531;0,02 %
0527;30009;GUEDES;NOVO;530;0,02 %
0528;50055;CLAUDIA GRIMBERG;PSOL - PSOL / PCB;530;0,02 %
0529;19216;TITOCA;PTN;529;0,02 %
0530;20510;MAURÍCIO TATU;PSC;528;0,02 %
0531;31777;JORGE PAULO;PHS;527;0,02 %
0532;33688;IRAQUITAN;PMN;527;0,02 %
0533;25144;TIO BÉ;DEM;526;0,02 %
0534;77321;MARCELO EDWARD;SD - SD / PSL;525;0,02 %
0535;25400;CARLOS JESUS;DEM;523;0,02 %
0536;31345;MARQUINHOS RANGEL;PHS;522;0,02 %
0537;19085;SERGIO PIMENTEL;PTN;521;0,02 %
0538;14355;LICA DA MARÉ;PTB;521;0,02 %
0539;28222;SHOW;PRTB - PRTB / PROS / PEN;521;0,02 %
0540;25999;EUCI DO GÁS;DEM;520;0,02 %
0541;45400;BETH ROSANDISKI;PSDB - PSDB / PPS;518;0,02 %
0542;10191;BIRA;PRB;518;0,02 %
0543;11766;GIL MECANICO;PP;516;0,02 %
0544;45222;SIMÃO GARCIA;PSDB - PSDB / PPS;514;0,02 %
0545;20123;TATIANA AGDA;PSC;509;0,02 %
0546;55992;SONINHA VIGILANTE;PSD;506;0,02 %
0547;11710;ANGELICA GEROLIMICH;PP;505;0,02 %
0548;10331;ANDRÉIA TAVARES MACHADO;PRB;505;0,02 %
0549;51444;EUDES SINDICATO;PEN - PRTB / PROS / PEN;503;0,02 %
0550;19321;MARCELINHO DO GÁS;PTN;501;0,02 %
0551;13618;NILDES SAMPAIO;PT - PT / PC do B;500;0,02 %
0552;30033;MARIA ESTHER;NOVO;499;0,02 %
0553;13777;RUTE SALES;PT - PT / PC do B;498;0,02 %
0554;19193;ANGELO JANJÃO;PTN;496;0,02 %
0555;14010;PROF. DENIS MELO;PTB;495;0,02 %
0556;77133;LEILA DO TURISMO;SD - SD / PSL;493;0,02 %
0557;14900;LUCIENE SALVADOR;PTB;492;0,02 %
0558;33002;PC DO ESTACIONAMENTO;PMN;491;0,02 %
0559;45567;CRISTIANE REIS;PSDB - PSDB / PPS;490;0,02 %
0560;20555;ANDERSON BOURNER;PSC;490;0,02 %
0561;19235;JULIO SCARPA;PTN;488;0,02 %
0562;12003;CARLINHOS SILVA;PDT;486;0,02 %
0563;31077;PASTORA ANDREIA RADACIA;PHS;486;0,02 %
0564;50101;VANIA IRMÃ;PSOL - PSOL / PCB;485;0,02 %
0565;10333;BETH DA SAÚDE;PRB;484;0,02 %
0566;50029;MARIÁ VALENTIM;PSOL - PSOL / PCB;481;0,02 %
0567;55078;DR JOSE ARTUR;PSD;480;0,02 %
0568;77077;IGOR OLIVEIRA;SD - SD / PSL;477;0,02 %
0569;33757;GABRIEL JUNIOR;PMN;473;0,02 %
0570;20077;ERON BATMAN DOS PROTESTOS;PSC;473;0,02 %
0571;28771;JUNINHO BELLOT O PRESIDENTE;PRTB - PRTB / PROS / PEN;472;0,02 %
0572;50063;RENATO MARTELLETO;PSOL - PSOL / PCB;469;0,02 %
0573;25444;CLÁUDIO ALENCAR;DEM;467;0,02 %
0574;31654;PARÁ JOGADOR;PHS;465;0,02 %
0575;55044;FABIO BARROS;PSD;465;0,02 %
0576;10066;ANA VANILCE;PRB;464;0,02 %
0577;55727;DRª. SOLANGE CARVALHO;PSD;462;0,02 %
0578;31700;VITOR PAULO;PHS;462;0,02 %
0579;90900;DR. EDUARDO MAROTTA;PROS - PRTB / PROS / PEN;461;0,02 %
0580;77335;HUGO PINHEIRO;SD - SD / PSL;461;0,02 %
0581;33007;DR. FRANCISCO CLÁUDIO;PMN;460;0,02 %
0582;30030;GLAUCIA SOARES;NOVO;460;0,02 %
0583;20020;WALTER DA SUSTENTABILIDADE;PSC;458;0,02 %
0584;19255;GLÓRIA DO CACA;PTN;458;0,02 %
0585;19973;PATRICIA EVANGELISTA;PTN;458;0,02 %
0586;14342;SÔNIA BITENCOURT;PTB;457;0,02 %
0587;36100;FABINHO DO DEPOSITO;PTC - PT do B / PTC;456;0,02 %
0588;19109;EDIVALDO BLIMA;PTN;455;0,02 %
0589;45432;IVANILDO MENDONÇA;PSDB - PSDB / PPS;455;0,02 %
0590;33384;GILMAR SIRI;PMN;454;0,02 %
0591;25100;WILLIAM FIGUEIREDO;DEM;447;0,02 %
0592;13300;SANDRA PIMENTEL;PT - PT / PC do B;444;0,02 %
0593;70629;ANTHONIO SÓ;PT do B - PT do B / PTC;443;0,02 %
0594;10150;COLI;PRB;441;0,02 %
0595;10114;GABRIEL THEMOTEO FERNANDES;PRB;441;0,02 %
0596;31010;PELÉ BARBEIRO;PHS;440;0,02 %
0597;13131;MAURICIO MINEIRO;PT - PT / PC do B;440;0,02 %
0598;50773;DININHO;PSOL - PSOL / PCB;438;0,01 %
0599;19444;DAVID NEVES;PTN;438;0,01 %
0600;77789;VINICIUS PILLAR LEAL;SD - SD / PSL;437;0,01 %
0601;25004;NORMA NASCIMENTO;DEM;435;0,01 %
0602;70789;EDUARDO FRAGA;PT do B - PT do B / PTC;434;0,01 %
0603;10842;RONALDO BRAZ;PRB;433;0,01 %
0604;55029;MEL PROTETOR AMIGO DOS ANIMAIS;PSD;433;0,01 %
0605;15265;LULA;PMDB;432;0,01 %
0606;19333;GUILHERME GUIGUI;PTN;431;0,01 %
0607;11500;CARLINHOS DA PROPAGANDA;PP;430;0,01 %
0608;77137;WILLIAM OTTATI;SD - SD / PSL;427;0,01 %
0609;20789;FERNANDO FERNANDES;PSC;424;0,01 %
0610;20128;ALEXANDRE MARADONA;PSC;423;0,01 %
0611;25103;LUCIANO RESENDE;DEM;421;0,01 %
0612;10888;THEO BECKER;PRB;421;0,01 %
0613;10210;PATY ARMSTRONG;PRB;420;0,01 %
0614;65142;HUDSON DUCA;PC do B - PT / PC do B;416;0,01 %
0615;12575;CLAUDIO BOA NOVA;PDT;411;0,01 %
0616;31323;EDSON SARDINHA;PHS;408;0,01 %
0617;11114;DEISE SENRA;PP;405;0,01 %
0618;12455;NEI BAHIA;PDT;402;0,01 %
0619;20383;MARCOLINO SALLES;PSC;401;0,01 %
0620;33804;MARCOS BATISTA BOMBEIRO;PMN;399;0,01 %
0621;25010;ALEX SANDRO;DEM;396;0,01 %
0622;12692;RAFAEL SALES;PDT;394;0,01 %
0623;10014;GILBERTO GOMES;PRB;392;0,01 %
0624;14773;EDSON SOMOS TODOS VITIMAS;PTB;392;0,01 %
0625;23543;MARCELLE ESTEVES;PPS - PSDB / PPS;392;0,01 %
0626;30088;JOÃO SARDINHA;NOVO;389;0,01 %
0627;31159;RICHARD LEAL;PHS;389;0,01 %
0628;55888;TIA FATIMA;PSD;388;0,01 %
0629;19027;ROSIETE MARINHO;PTN;388;0,01 %
0630;10127;DR. TADEU DA SILVA;PRB;387;0,01 %
0631;77750;SIMONE DOS ANJOS;SD - SD / PSL;386;0,01 %
0632;30230;HENRI DO INSULANO;NOVO;386;0,01 %
0633;15050;ROBERTO CESTA BASICA;PMDB;385;0,01 %
0634;12012;CELSO MENDES;PDT;384;0,01 %
0635;30321;GABRIELA MOSQUERA;NOVO;383;0,01 %
0636;31331;LAUDIER;PHS;382;0,01 %
0637;12914;SU CARECA;PDT;382;0,01 %
0638;55432;ANGELA ARGUELHES;PSD;381;0,01 %
0639;90333;ANDERSON BRASIL;PROS - PRTB / PROS / PEN;381;0,01 %
0640;19132;RICARDO DO SALÃO;PTN;379;0,01 %
0641;50362;MARCOS ZAMENHOF;PSOL - PSOL / PCB;378;0,01 %
0642;55444;PROTETORA MONICA SILVA;PSD;376;0,01 %
0643;31111;EDISON PEDROSA;PHS;373;0,01 %
0644;33021;PEDRO DOMENECH;PMN;369;0,01 %
0645;77654;THAYDINHO;SD - SD / PSL;369;0,01 %
0646;36241;LENY FABRES;PTC - PT do B / PTC;368;0,01 %
0647;14456;ILACI BONITA;PTB;367;0,01 %
0648;50199;RUQUINHO GARI;PSOL - PSOL / PCB;366;0,01 %
0649;45002;ANDERSON STAN;PSDB - PSDB / PPS;364;0,01 %
0650;12612;ELIAS ROCHA;PDT;363;0,01 %
0651;45184;JULIO CESAR;PSDB - PSDB / PPS;363;0,01 %
0652;30777;MÁRCIA FONTENELLE;NOVO;362;0,01 %
0653;25126;ROGERIO CRISPIM;DEM;362;0,01 %
0654;20677;MARLOS MELO;PSC;362;0,01 %
0655;36377;ADILSON CARLINDO;PTC - PT do B / PTC;361;0,01 %
0656;33363;DEDE SANTOS;PMN;360;0,01 %
0657;10314;ENEAS OLIVEIRA;PRB;360;0,01 %
0658;15031;GERALDO COURTOIS;PMDB;360;0,01 %
0659;51000;CARLOS FILÉ;PEN - PRTB / PROS / PEN;359;0,01 %
0660;10613;MARCOS ZELLA;PRB;359;0,01 %
0661;20520;DIEGO MACHINEZ;PSC;358;0,01 %
0662;31081;CARDOSO DAS VANS;PHS;357;0,01 %
0663;15215;BRUNO EDUARDO FERRUGEM;PMDB;356;0,01 %
0664;36915;ALEXANDER GAMA;PTC - PT do B / PTC;355;0,01 %
0665;19029;VERONICA FREIRE;PTN;355;0,01 %
0666;28128;ENI GOMES;PRTB - PRTB / PROS / PEN;354;0,01 %
0667;10666;BOB DO GÁS;PRB;348;0,01 %
0668;55255;GERVASIO DA SOMAJA;PSD;344;0,01 %
0669;70701;TEREZINHA DA VILA AUTODROMO;PT do B - PT do B / PTC;344;0,01 %
0670;28228;ADIR HENRIQUE;PRTB - PRTB / PROS / PEN;343;0,01 %
0671;15334;DJAIR LANDO;PMDB;342;0,01 %
0672;36777;WILTON GONÇALVES;PTC - PT do B / PTC;342;0,01 %
0673;70567;DR. RICARDO;PT do B - PT do B / PTC;342;0,01 %
0674;50110;AILTON MANO CABEÇA;PSOL - PSOL / PCB;341;0,01 %
0675;33311;VLADIMIR PAIVA;PMN;340;0,01 %
0676;11888;IVAN PASTOR;PP;340;0,01 %
0677;70500;EDSON SOBRINHO;PT do B - PT do B / PTC;340;0,01 %
0678;19789;WILSON NASCIMENTO PROFº DINHO;PTN;336;0,01 %
0679;45908;SHIRLEI ENGEL;PSDB - PSDB / PPS;336;0,01 %
0680;25331;MARCELO LINS;DEM;336;0,01 %
0681;25711;LUIZ COUTINHO;DEM;336;0,01 %
0682;14775;ISRAEL ATLETA;PTB;334;0,01 %
0683;14434;ADALGISA HYODO;PTB;333;0,01 %
0684;36998;EDUARDO BARBOSA;PTC - PT do B / PTC;332;0,01 %
0685;50666;BRUNO CRUZ;PSOL - PSOL / PCB;331;0,01 %
0686;10008;EDU ERIC;PRB;327;0,01 %
0687;45433;BRUNO JAPONES;PSDB - PSDB / PPS;326;0,01 %
0688;28288;TIAGO BOTELHO;PRTB - PRTB / PROS / PEN;325;0,01 %
0689;15313;FIDELINA ROCHA DA MARE;PMDB;324;0,01 %
0690;10523;RANGEL ESTOFADOR;PRB;324;0,01 %
0691;10010;FLÁVIO NOGUEIRA;PRB;324;0,01 %
0692;13558;CADU DA ENFERMAGEM;PT - PT / PC do B;323;0,01 %
0693;51234;ROBERTO DO GÁS;PEN - PRTB / PROS / PEN;323;0,01 %
0694;19486;ANINHA OLIVEIRA;PTN;323;0,01 %
0695;45175;SIMONE SOARES;PSDB - PSDB / PPS;322;0,01 %
0696;10800;SILVA NUNES;PRB;321;0,01 %
0697;19739;ADEMILTON MOREIRA;PTN;320;0,01 %
0698;31121;REGINA HELENA;PHS;319;0,01 %
0699;23153;GUILHERME REIS;PPS - PSDB / PPS;318;0,01 %
0700;55005;ANA PAULA GOLDBACH;PSD;317;0,01 %
0701;25520;ELYANE SOUZA;DEM;317;0,01 %
0702;70100;RAEL DO SALÃO;PT do B - PT do B / PTC;316;0,01 %
0703;36007;JAILSON JESUS;PTC - PT do B / PTC;315;0,01 %
0704;77277;SANDRA GONÇALVES;SD - SD / PSL;313;0,01 %
0705;10040;IRLANDA SILVEIRA;PRB;312;0,01 %
0706;25339;JULIO LOBÃO;DEM;311;0,01 %
0707;19020;FABINHO DA EDUCAÇÃO;PTN;310;0,01 %
0708;36888;VANESSA BRANDÃO;PTC - PT do B / PTC;310;0,01 %
0709;14021;PROF. ALESSANDRO RODRIGUES;PTB;309;0,01 %
0710;65575;ROBERTO PIPOQUEIRO;PC do B - PT / PC do B;307;0,01 %
0711;55971;SANDRA MARINS;PSD;306;0,01 %
0712;25027;TIA SOLANGE;DEM;305;0,01 %
0713;55155;WILMAN MELLO;PSD;305;0,01 %
0714;55457;VERA MEDINA;PSD;302;0,01 %
0715;10108;LÚCIO ROGÉRIO EDUCAÇÃO FÍSICA;PRB;300;0,01 %
0716;15625;PAULO ALEX;PMDB;298;0,01 %
0717;13888;FUBUIA;PT - PT / PC do B;298;0,01 %
0718;11011;LUIZ SERRANO;PP;297;0,01 %
0719;17315;ROBERTO LOUZADA;PSL - SD / PSL;294;0,01 %
0720;51222;PATINHO QUEM, QUEM;PEN - PRTB / PROS / PEN;292;0,01 %
0721;10444;MESTRE EUGÊNIO TADEU;PRB;292;0,01 %
0722;20800;THIAGO SILVEIRA;PSC;291;0,01 %
0723;12273;KELEN CARDOSO;PDT;290;0,01 %
0724;11100;DIOSMO CARVALHO;PP;288;0,01 %
0725;55455;GUGU DA GARDÊNIA;PSD;288;0,01 %
0726;11078;ISMAEL;PP;286;0,01 %
0727;19135;SONINHA RODRIGUES;PTN;284;0,01 %
0728;55028;AUGUSTO LODUCA;PSD;283;0,01 %
0729;77015;ED CHINA;SD - SD / PSL;282;0,01 %
0730;70234;FELIPE CAFEZINHO;PT do B - PT do B / PTC;282;0,01 %
0731;12334;QUESADA;PDT;281;0,01 %
0732;55077;PROFª. DENISE CURY;PSD;281;0,01 %
0733;13800;DR JOSE RICARDO PADRE MIGUEL;PT - PT / PC do B;281;0,01 %
0734;14022;DRYNO ANDRADE;PTB;279;0,01 %
0735;90999;PEDRO AUGUSTO;PROS - PRTB / PROS / PEN;278;0,01 %
0736;15022;ANDRE O QUINZE;PMDB;278;0,01 %
0737;50917;PROFESSOR FELIPE;PSOL - PSOL / PCB;278;0,01 %
0738;12742;ISAC OSCAR;PDT;277;0,01 %
0739;70008;VERA RAMOS;PT do B - PT do B / PTC;276;0,01 %
0740;19016;PAULO DAM;PTN;276;0,01 %
0741;19190;SIMONE SCHUCHANOF;PTN;276;0,01 %
0742;12347;ANTONIO LOPES;PDT;275;0,01 %
0743;55022;CANARIO;PSD;274;0,01 %
0744;31454;VIANNA DO SANGUE;PHS;273;0,01 %
0745;20193;ERIGREYCE;PSC;270;0,01 %
0746;19102;VANEIDE CARMO;PTN;269;0,01 %
0747;19475;MARIA DO CATIRI;PTN;269;0,01 %
0748;14772;MANDINHO GOMES;PTB;268;0,01 %
0749;10090;PAULINHO BAIANO;PRB;268;0,01 %
0750;10318;ANTERO DO BANGU;PRB;267;0,01 %
0751;20221;KELEN CRISTINA;PSC;267;0,01 %
0752;45193;WALTER BOMBEIRO;PSDB - PSDB / PPS;267;0,01 %
0753;23211;ANA CRISTINA;PPS - PSDB / PPS;267;0,01 %
0754;11999;CARIRY;PP;266;0,01 %
0755;77413;MARIA DAS GRAÇAS;SD - SD / PSL;265;0,01 %
0756;17070;AMORIM CAFÉ;PSL - SD / PSL;264;0,01 %
0757;20620;ARLENE KIEFER;PSC;264;0,01 %
0758;11113;LUIZ GOMES;PP;263;0,01 %
0759;28723;ANA LUCIA MARTINS;PRTB - PRTB / PROS / PEN;263;0,01 %
0760;28374;LUCIANA FAÍSCA;PRTB - PRTB / PROS / PEN;263;0,01 %
0761;28277;SIMONE CLARA;PRTB - PRTB / PROS / PEN;263;0,01 %
0762;15233;HUGO FERREIRA;PMDB;262;0,01 %
0763;77193;JOSINALDO BOMBEIRO;SD - SD / PSL;260;0,01 %
0764;11678;WALTINHO;PP;258;0,01 %
0765;14140;ELISEU NASCIMENTO;PTB;258;0,01 %
0766;33456;FABINHO CARIOCA;PMN;258;0,01 %
0767;77711;PROFª VALÉRIA VALENTE;SD - SD / PSL;258;0,01 %
0768;77244;LINDOMAR DOS ANJOS;SD - SD / PSL;258;0,01 %
0769;65023;GREGO DO RIO DAS PEDRAS;PC do B - PT / PC do B;255;0,01 %
0770;11210;VAGUINHO DO SAMBA;PP;254;0,01 %
0771;10373;TIJUQUINHA DO ARARÁ E BOREL;PRB;251;0,01 %
0772;51123;MARCOS MADEIRA;PEN - PRTB / PROS / PEN;250;0,01 %
0773;51777;PASTOR AUDO BENTO;PEN - PRTB / PROS / PEN;247;0,01 %
0774;30303;ROBERTSON FREIRE;NOVO;245;0,01 %
0775;11120;EDUARDO LIMA;PP;245;0,01 %
0776;14202;GORDO DA OFICINA;PTB;244;0,01 %
0777;77020;FELIPE DO MATOSÃO;SD - SD / PSL;243;0,01 %
0778;50550;ANA ELIZA GUIMARÃES;PSOL - PSOL / PCB;243;0,01 %
0779;45011;CIÇA DO ACARAJÉ;PSDB - PSDB / PPS;242;0,01 %
0780;28928;CRISTIANE FRANCO;PRTB - PRTB / PROS / PEN;242;0,01 %
0781;45155;LUIZ FILIPE BARBOSA;PSDB - PSDB / PPS;241;0,01 %
0782;65555;RICARDO BRITO;PC do B - PT / PC do B;240;0,01 %
0783;19533;BRUNO TORRES;PTN;240;0,01 %
0784;11155;ROSE ALMEIDA;PP;237;0,01 %
0785;77013;ENFERMEIRA FRANÇÕES;SD - SD / PSL;237;0,01 %
0786;13100;JOÃO MELLO;PT - PT / PC do B;237;0,01 %
0787;70355;JORGE GAMA FILHO;PT do B - PT do B / PTC;234;0,01 %
0788;15949;JUNIOR MESSIAS;PMDB;234;0,01 %
0789;20205;LEILA MARINHO;PSC;233;0,01 %
0790;20011;RAQUEL SOUZA;PSC;233;0,01 %
0791;10543;ALFREDO CARTILHA;PRB;232;0,01 %
0792;33400;DR.CARLOS TATAL;PMN;232;0,01 %
0793;11029;CLAUDIO RIBEIRO;PP;232;0,01 %
0794;12515;SOL OLIVER;PDT;230;0,01 %
0795;77638;CARLINHO BOMBEIRO;SD - SD / PSL;228;0,01 %
0796;19926;ISAQUE OLIVEIRA;PTN;227;0,01 %
0797;12079;JOSUE ARRUDA;PDT;224;0,01 %
0798;31038;MAZINHO;PHS;223;0,01 %
0799;51441;HILARIO;PEN - PRTB / PROS / PEN;222;0,01 %
0800;45014;SERGIO MELO;PSDB - PSDB / PPS;219;0,01 %
0801;55448;MARCOS PEREIRA;PSD;219;0,01 %
0802;12912;NARAC;PDT;219;0,01 %
0803;11334;MARCIO DO SINDICATO;PP;219;0,01 %
0804;70703;DR. JONES;PT do B - PT do B / PTC;218;0,01 %
0805;14101;HENRIQUE BARBOZA;PTB;218;0,01 %
0806;31775;BERINHO DIAS;PHS;217;0,01 %
0807;50928;MÁRCIA ROMANO;PSOL - PSOL / PCB;215;0,01 %
0808;12760;CESAR AUGUSTO;PDT;214;0,01 %
0809;12223;RONEI ROSA;PDT;214;0,01 %
0810;70456;BELMONTE;PT do B - PT do B / PTC;213;0,01 %
0811;13014;RODRIGO MENDONÇA;PT - PT / PC do B;213;0,01 %
0812;13213;EVERTON BRAS;PT - PT / PC do B;212;0,01 %
0813;11229;MOURALIDADE;PP;212;0,01 %
0814;11003;SOMBRA;PP;212;0,01 %
0815;20634;CELSINHO;PSC;211;0,01 %
0816;51955;DRA. ÉLIA SAMUEL;PEN - PRTB / PROS / PEN;211;0,01 %
0817;33036;RENÉ MICHEL;PMN;210;0,01 %
0818;45654;CARLOS FOSSATI;PSDB - PSDB / PPS;209;0,01 %
0819;31123;SIMONE MORAIS;PHS;208;0,01 %
0820;20321;DAVID SANTOS;PSC;208;0,01 %
0821;90124;SHEILA GRACIANO;PROS - PRTB / PROS / PEN;208;0,01 %
0822;14335;PASTOR LORD;PTB;208;0,01 %
0823;17007;THIAGO AMARO SOSSÃO;PSL - SD / PSL;208;0,01 %
0824;36622;CARLOS FORTALEZA;PTC - PT do B / PTC;207;0,01 %
0825;10011;ENIR;PRB;207;0,01 %
0826;19017;LENA COSTUREIRA;PTN;207;0,01 %
0827;31021;ALOISIO CONCEIÇÃO;PHS;206;0,01 %
0828;36370;MIQUITA;PTC - PT do B / PTC;205;0,01 %
0829;19313;FLAVIA ALVIM;PTN;205;0,01 %
0830;25835;PEDRO DARKE;DEM;205;0,01 %
0831;25255;MARCIA REJANE;DEM;204;0,01 %
0832;25123;EDVAN GOÉS;DEM;204;0,01 %
0833;10747;MASSAGISTA ROSEVAL LOPES;PRB;202;0,01 %
0834;77636;FERNANDO NEY;SD - SD / PSL;201;0,01 %
0835;33444;ANDERSON DA CONSTRU RIO;PMN;201;0,01 %
0836;14045;ALESSANDRALEGRIA;PTB;199;0,01 %
0837;55700;ROBERTO GASPAR;PSD;199;0,01 %
0838;17223;CARLINHOS DO AÇOUGUE;PSL - SD / PSL;199;0,01 %
0839;77009;PAULO HENRIQUE;SD - SD / PSL;199;0,01 %
0840;10316;PASTOR GIULIANO;PRB;198;0,01 %
0841;36555;RODRIGO VAZ;PTC - PT do B / PTC;198;0,01 %
0842;20003;ROGÉRIO CARVALHO;PSC;197;0,01 %
0843;20161;JOÃO VITOR;PSC;195;0,01 %
0844;36987;TIBÚRCIO DE SÁ FREIRE;PTC - PT do B / PTC;194;0,01 %
0845;65678;LEONARDO FRANÇA;PC do B - PT / PC do B;194;0,01 %
0846;25111;PATY FELICIDADE;DEM;193;0,01 %
0847;11333;AURELINHO;PP;193;0,01 %
0848;28298;LUCY DE PACIENCIA;PRTB - PRTB / PROS / PEN;190;0,01 %
0849;15622;PUPIN;PMDB;190;0,01 %
0850;15122;PRISCILLA ALMADA;PMDB;190;0,01 %
0851;25003;DRA. MARGARETH SILVA;DEM;189;0,01 %
0852;15012;AYLTON MATTOS;PMDB;189;0,01 %
0853;14023;MARIA JOSÉ;PTB;189;0,01 %
0854;14060;MURTA;PTB;189;0,01 %
0855;12503;GISELA COSTA;PDT;188;0,01 %
0856;70077;LUCIANO VIZINHO;PT do B - PT do B / PTC;188;0,01 %
0857;20220;SANDRA BAIANA;PSC;187;0,01 %
0858;10033;MARCO ROCHA VERDE;PRB;186;0,01 %
0859;31987;PABLO HOMEM ARANHA;PHS;186;0,01 %
0860;19051;PETRÔNIO;PTN;185;0,01 %
0861;17170;ELIS DA NATUREZA;PSL - SD / PSL;185;0,01 %
0862;12580;FRANKLIN PALMEIRA;PDT;184;0,01 %
0863;10958;EMÍLIA JOSÉ;PRB;184;0,01 %
0864;20888;CHARLO FERRESON;PSC;184;0,01 %
0865;36014;CARLOS MATTOS;PTC - PT do B / PTC;183;0,01 %
0866;70389;LUIS DO TÁXI;PT do B - PT do B / PTC;182;0,01 %
0867;20333;MÁRIO SENNA;PSC;182;0,01 %
0868;20017;PROFESSOR MARCO ANTONIO;PSC;182;0,01 %
0869;65657;MONICA PONTES;PC do B - PT / PC do B;181;0,01 %
0870;12630;JOAQUIM,GAS, OVO, QUEIJO E PÃO;PDT;181;0,01 %
0871;12785;VIVIANE FIGUEIREDO;PDT;181;0,01 %
0872;65125;MARIA DO CARMO;PC do B - PT / PC do B;180;0,01 %
0873;31678;RAIMUNDO LIMA;PHS;180;0,01 %
0874;12700;EVERTON FRANK;PDT;179;0,01 %
0875;25858;CELSO LEAL;DEM;179;0,01 %
0876;25757;MARCOS RODRIGUES DE ARAÚJO;DEM;179;0,01 %
0877;12024;DR. QUEIROZ;PDT;178;0,01 %
0878;31789;CHICO LIMA;PHS;176;0,01 %
0879;70001;RAPHAELA;PT do B - PT do B / PTC;176;0,01 %
0880;65065;NELSON FELIPPE;PC do B - PT / PC do B;174;0,01 %
0881;33190;CARLOS SIMBRAS;PMN;174;0,01 %
0882;51661;ANDERSON SILVA;PEN - PRTB / PROS / PEN;174;0,01 %
0883;65551;ALLAN JORGE;PC do B - PT / PC do B;173;0,01 %
0884;20190;EDUARDO CUSTÓDIO;PSC;173;0,01 %
0885;17017;MAX COELHO;PSL - SD / PSL;172;0,01 %
0886;77555;DRª CONCEIÇÃO;SD - SD / PSL;171;0,01 %
0887;20013;RITA DE CASSIA;PSC;171;0,01 %
0888;45987;JOSE CARLOS RODRIGUES;PSDB - PSDB / PPS;171;0,01 %
0889;11004;MARA DO SOCIAL;PP;170;0,01 %
0890;11212;TIA DENISE;PP;169;0,01 %
0891;77234;CLAUDIO FARINHÃO;SD - SD / PSL;169;0,01 %
0892;31001;MARTA ROQUE;PHS;168;0,01 %
0893;19555;IVAN GASPAR;PTN;168;0,01 %
0894;55128;RICARDO RIBEIRO;PSD;167;0,01 %
0895;51060;HELO HELENA;PEN - PRTB / PROS / PEN;167;0,01 %
0896;33267;RAIMUNDO CAMELÔ;PMN;167;0,01 %
0897;14004;CATIA PAGANOTE;PTB;167;0,01 %
0898;25963;RENATO KRAUSS;DEM;166;0,01 %
0899;12400;EDU;PDT;165;0,01 %
0900;65021;SONIA SEPETIBA;PC do B - PT / PC do B;165;0,01 %
0901;20426;LEE ANDERSON;PSC;165;0,01 %
0902;77055;ADELAIDE PONTUAL;SD - SD / PSL;164;0,01 %
0903;33666;ALESSANDRA GUIMARAES;PMN;164;0,01 %
0904;70124;RICARDO LADEIRA;PT do B - PT do B / PTC;163;0,01 %
0905;70157;RAÔNI RANOI;PT do B - PT do B / PTC;163;0,01 %
0906;10305;IRMÃ LÚCIA;PRB;162;0,01 %
0907;19348;CHIQUINHO DA PIEDADE;PTN;161;0,01 %
0908;17234;MARYSCOTT DE MATTOS;PSL - SD / PSL;161;0,01 %
0909;20050;ROSELENE MARTINS;PSC;159;0,01 %
0910;50742;BARATA BIGODE DA VAN;PSOL - PSOL / PCB;158;0,01 %
0911;11110;PROF. IRACEMA;PP;158;0,01 %
0912;11379;MARCÍLIA;PP;158;0,01 %
0913;12664;BRASILEIRO;PDT;157;0,01 %
0914;13033;JOSÉ RICARDO;PT - PT / PC do B;157;0,01 %
0915;65922;DILMA;PC do B - PT / PC do B;156;0,01 %
0916;10113;NETO BARBOSA;PRB;156;0,01 %
0917;33888;MONICA LUIZ;PMN;156;0,01 %
0918;19567;VIVIANE THOMAZINHO;PTN;156;0,01 %
0919;14820;SERGIO FAUSTINO;PTB;155;0,01 %
0920;12300;NALDO VILLELA;PDT;155;0,01 %
0921;55201;MARIA CARVALHO;PSD;152;0,01 %
0922;13422;DR RUBINHO DA DIVINÉIA;PT - PT / PC do B;152;0,01 %
0923;55789;PITIMBU;PSD;151;0,01 %
0924;11214;SERGIO GÓES;PP;151;0,01 %
0925;28123;RAPHAEL MORAIS;PRTB - PRTB / PROS / PEN;151;0,01 %
0926;10009;RAMALHO;PRB;150;0,01 %
0927;20222;JUIZ DE PAZ MAX DE JESUS;PSC;150;0,01 %
0928;25055;RAIMUNDO NONATO;DEM;149;0,01 %
0929;14633;O CARA DO ÓCULOS - SILVEIRA;PTB;149;0,01 %
0930;20720;CRISTINA ARCHER;PSC;149;0,01 %
0931;31433;TIA PIPOQUEIRA;PHS;148;0,01 %
0932;20631;INSPETOR EDUARDO;PSC;148;0,01 %
0933;11022;GUILHERME JACOB;PP;147;0,01 %
0934;14107;EVA JOAQUINA;PTB;146;0,01 %
0935;25234;ELAINE MOURA;DEM;146;0,01 %
0936;20852;ISAIAS AMBROSIO;PSC;146;0,01 %
0937;13133;ARCANJO CESAR;PT - PT / PC do B;145;0,01 %
0938;55148;DEISE VENDE;PSD;142;0,01 %
0939;33153;LUIZ LEAL;PMN;141;0,01 %
0940;25432;MARCELO SOUZA;DEM;140;0,01 %
0941;45300;WASHINGTON SANTOS;PSDB - PSDB / PPS;139;0,01 %
0942;14500;GRAÇA FIGURAÇA;PTB;138;0,01 %
0943;55587;ABIEL POPO;PSD;138;0,01 %
0944;45331;MARLENE KLOTZ;PSDB - PSDB / PPS;137;0,01 %
0945;65100;SEU DORNELES;PC do B - PT / PC do B;137;0,01 %
0946;45451;HERMES GOMES;PSDB - PSDB / PPS;136;0,01 %
0947;13016;PROFESSOR JOSÉ CARLOS;PT - PT / PC do B;133;0,01 %
0948;13575;MAURO VALE;PT - PT / PC do B;133;0,01 %
0949;19355;EDINHO PINTO;PTN;132;0,01 %
0950;25567;EMILIA DE BANGU;DEM;132;0,01 %
0951;25279;ALEX CARVALHO;DEM;131;0,01 %
0952;14666;ADRIAN GABRIEL;PTB;131;0,01 %
0953;31013;GISELE SANTOS;PHS;131;0,01 %
0954;77778;PRISCILA UNIÃO;SD - SD / PSL;131;0,01 %
0955;11172;FATIMA DA GAMBOA;PP;130;0,01 %
0956;11560;VYCAS;PP;130;0,01 %
0957;11568;VALERIA MOREIRA;PP;130;0,01 %
0958;15057;RENATO MONTEIRO DE CASTRO;PMDB;128;0,01 %
0959;70105;PROFESSORA JACIRA;PT do B - PT do B / PTC;128;0,01 %
0960;12944;CIZA;PDT;128;0,01 %
0961;45329;AIDÊ CABRAL;PSDB - PSDB / PPS;127;0,01 %
0962;10136;WELLINGTON PASSOS;PRB;127;0,01 %
0963;10300;SUELI ESTEVES;PRB;127;0,01 %
0964;70363;CELESTE RODRIGUES;PT do B - PT do B / PTC;126;0,01 %
0965;12245;BARTOLOMEU FRANÇA;PDT;126;0,01 %
0966;12033;ALEX CORDEIRO;PDT;126;0,01 %
0967;12888;ROSANGELA DO MEIER;PDT;125;0,01 %
0968;25009;MANINHA RIENTE;DEM;125;0,01 %
0969;14053;DORINHA VELOSO;PTB;125;0,01 %
0970;14144;WAGNER FERNANDES;PTB;125;0,01 %
0971;13951;ARRUDA;PT - PT / PC do B;124;0,01 %
0972;55678;BABI FABRICIA;PSD;124;0,01 %
0973;70637;LEONARDO PERINI;PT do B - PT do B / PTC;124;0,01 %
0974;10125;DILMA ANDRADE;PRB;124;0,01 %
0975;10005;TIA NETE;PRB;123;0,01 %
0976;55021;DIEGO AGUIAR;PSD;123;0,01 %
0977;90190;JORGE GUSTAVO;PROS - PRTB / PROS / PEN;122;0,01 %
0978;19010;MARILENE GOMES;PTN;122;0,01 %
0979;13223;LUIZ TARTARUGA;PT - PT / PC do B;122;0,01 %
0980;19620;ANDREA BRUM;PTN;122;0,01 %
0981;13065;MARCELLO TECNÓLOGO;PT - PT / PC do B;122;0,01 %
0982;33611;DRA MARIA LUIZA;PMN;121;0,01 %
0983;12782;MACIEL PENTTELHO;PDT;120;0,01 %
0984;25211;DJ JUNIOR CABEÇA;DEM;120;0,01 %
0985;28889;ELIETE NICACIO;PRTB - PRTB / PROS / PEN;120;0,01 %
0986;10021;JUNIOR AMIGO INSTRUTOR;PRB;120;0,01 %
0987;15606;JORGE SARAIVA;PMDB;119;0,01 %
0988;10410;GUSTAVO AFFONSO DA DANÇA;PRB;119;0,01 %
0989;50999;CECILIA PIO;PSOL - PSOL / PCB;118;0,01 %
0990;31099;DENISIA JOUBLOT;PHS;118;0,01 %
0991;45954;LUIZ DAVID;PSDB - PSDB / PPS;117;0,01 %
0992;55116;JOFFRE SOARES;PSD;117;0,01 %
0993;55635;BIRA LIMA;PSD;116;0,01 %
0994;10758;NELY GOMES;PRB;114;0,01 %
0995;55755;EDSON MENEZES;PSD;114;0,01 %
0996;14033;APARECIDA DE GUADALUPE;PTB;114;0,01 %
0997;14414;ANA CHEVALIER;PTB;114;0,01 %
0998;12134;DORALICE BENINCASA;PDT;113;0,01 %
0999;36736;ANTONIO GOULART;PTC - PT do B / PTC;113;0,01 %
1000;13111;ARLEN;PT - PT / PC do B;113;0,01 %
1001;45004;CLÁUDIA MOLINARO;PSDB - PSDB / PPS;111;0,01 %
1002;28333;ANA DA SAÚDE;PRTB - PRTB / PROS / PEN;110;0,01 %
1003;33700;RAFAEL FERNANDES;PMN;110;0,01 %
1004;20053;ELIAS OUZZADIA;PSC;109;0,01 %
1005;11789;TELES O SEU AMIGO DE SEMPRE;PP;108;0,01 %
1006;19013;ANA RABELLO;PTN;106;0,01 %
1007;55190;ASSIS WATSON;PSD;105;0,01 %
1008;20022;YEDA OLIVEIRA;PSC;105;0,01 %
1009;10027;RONALDO GRANJA;PRB;104;0,01 %
1010;25772;ROSE DE OSSANHA;DEM;102;0,01 %
1011;14067;REGINA PINTINHA;PTB;101;0,01 %
1012;31005;LUCY AIMEE;PHS;101;0,01 %
1013;55353;FATIMA ROMEU;PSD;100;0,01 %
1014;77444;ANDRÉ LUIZ;SD - SD / PSL;100;0,01 %
1015;12007;LAVI;PDT;99;0,01 %
1016;77190;AFONSO CARDOSO;SD - SD / PSL;98;0,01 %
1017;77100;ANGELICA LAVOURAS;SD - SD / PSL;98;0,01 %
1018;20114;MARSEL FURTADO;PSC;97;0,01 %
1019;31107;LOURDINHA DO CAMPINHO;PHS;94;0,01 %
1020;20435;SIDNE CABO;PSC;94;0,01 %
1021;14064;VAL ALFA;PTB;94;0,01 %
1022;77977;NIVALDA FARIA;SD - SD / PSL;93;0,01 %
1023;28356;PASTORA REJANE;PRTB - PRTB / PROS / PEN;93;0,01 %
1024;90957;MARCIA REGINA;PROS - PRTB / PROS / PEN;93;0,01 %
1025;11220;ELIZABETH REZENDE;PP;92;0,01 %
1026;14332;BOSOROY;PTB;92;0,01 %
1027;10193;MILANEIDE MARIA;PRB;91;0,01 %
1028;25997;ELIAS DE BRITTO;DEM;91;0,01 %
1029;25205;GUILHERME NASCIMENTO;DEM;91;0,01 %
1030;45890;SILVÉRIO OLIVEIRA;PSDB - PSDB / PPS;90;0,01 %
1031;12877;NIL DOCES;PDT;90;0,01 %
1032;11069;MORANGUINHO;PP;89;0,01 %
1033;90770;PATRICIA AZEVEDO;PROS - PRTB / PROS / PEN;86;0,01 %
1034;70212;MIDINHA;PT do B - PT do B / PTC;86;0,01 %
1035;51991;MARLI NASCIMENTO;PEN - PRTB / PROS / PEN;84;0,01 %
1036;20106;LUCAS ANTÔNIO;PSC;84;0,01 %
1037;20040;MONIQUE ALMEIDA;PSC;84;0,01 %
1038;33005;JANETE VIEIRA;PMN;83;0,01 %
1039;51009;PONTES;PEN - PRTB / PROS / PEN;83;0,01 %
1040;77549;VANDERLEI DOS REIS;SD - SD / PSL;82;0,01 %
1041;20005;ETIENNE DA MARÉ;PSC;82;0,01 %
1042;11911;PAULO FREIRE;PP;82;0,01 %
1043;25195;ADELIA CRISTINA;DEM;82;0,01 %
1044;25048;PATRICK VALLE;DEM;82;0,01 %
1045;11106;SILVIO DO TAXI;PP;82;0,01 %
1046;11133;ZECA;PP;81;0,01 %
1047;19526;EDILEUSA ANDRADE;PTN;78;0,01 %
1048;31999;DIUCLEI LUDOLF;PHS;78;0,01 %
1049;70929;ANDREA VASSALO;PT do B - PT do B / PTC;77;0,01 %
1050;10122;SERGINHO ESSE É O NOSSO;PRB;77;0,01 %
1051;10846;TIA VAL;PRB;77;0,01 %
1052;33289;SIMONE CAETANO;PMN;75;0,01 %
1053;70610;LUCIANO MAIA;PT do B - PT do B / PTC;75;0,01 %
1054;15717;DENNIS LOUREÇO;PMDB;75;0,01 %
1055;70244;CÉLIA DAVID;PT do B - PT do B / PTC;74;0,01 %
1056;10956;GRAÇA CARDOSO;PRB;74;0,01 %
1057;11007;RICARDO GREGO;PP;74;0,01 %
1058;20999;NILTON PEREIRA;PSC;73;0,01 %
1059;31136;ROSANA NOBERTO TIA BAIANA;PHS;71;0,01 %
1060;31055;REGINA BADARÓ;PHS;70;0,01 %
1061;45755;CRISTIANO ALVERS;PSDB - PSDB / PPS;70;0,01 %
1062;28623;DANIELE CIPRIANO;PRTB - PRTB / PROS / PEN;70;0,01 %
1063;28001;BASE DO PRO;PRTB - PRTB / PROS / PEN;69;0,01 %
1064;15247;VALDEMAR MOREIRA;PMDB;69;0,01 %
1065;33022;TARCILA DA HORA;PMN;69;0,01 %
1066;31715;LENE FERREIRA;PHS;68;0,01 %
1067;20004;DANI ARRUDA;PSC;68;0,01 %
1068;12534;RODRIGO NEGÃO;PDT;68;0,01 %
1069;50300;JULIANA CAETANO;PSOL - PSOL / PCB;66;0,01 %
1070;19568;CARMEM MOTTA;PTN;65;0,01 %
1071;20250;MARCIO GARI;PSC;65;0,01 %
1072;77223;KELLY CANDIDO;SD - SD / PSL;65;0,01 %
1073;50647;MONICA PATRICIA;PSOL - PSOL / PCB;64;0,01 %
1074;11122;CASTELLO BRANCO;PP;63;0,01 %
1075;45204;WAINER OLIVEIRA;PSDB - PSDB / PPS;63;0,01 %
1076;65946;NANA PROCÓPIO;PC do B - PT / PC do B;62;0,01 %
1077;12141;LUCIA LOPES;PDT;61;0,01 %
1078;55100;SOUZA BRASIL;PSD;60;0,01 %
1079;10288;EDUARDO RIBEIRO;PRB;60;0,01 %
1080;20300;JB RECALL;PSC;58;0,01 %
1081;17770;BÁRBARA CAMPELO;PSL - SD / PSL;58;0,01 %
1082;11024;ROBERVAL UZÊDA, O PAI UZÊDA;PP;58;0,01 %
1083;65005;ALCENI CAETANO;PC do B - PT / PC do B;56;0,01 %
1084;12289;GABRIEL LEAO;PDT;56;0,01 %
1085;11066;MARIA CRISTINA;PP;56;0,01 %
1086;15077;IVO BISPO;PMDB;54;0,01 %
1087;12050;SEBASTIAO FELINTRO;PDT;54;0,01 %
1088;33145;DIVANETE NEVES;PMN;54;0,01 %
1089;33874;FLAVIA DE MORAES;PMN;54;0,01 %
1090;15345;LAUDINA NETTO;PMDB;53;0,01 %
1091;55010;LINCOLN CABRAL;PSD;53;0,01 %
1092;70222;LILIAM CRUZ;PT do B - PT do B / PTC;53;0,01 %
1093;31241;IVANILDA COSTA;PHS;53;0,01 %
1094;31315;BRUNO COUTO;PHS;53;0,01 %
1095;23999;MORBECK;PPS - PSDB / PPS;51;0,01 %
1096;15192;SOCORRISTA CARLOS HENRIQUE;PMDB;51;0,01 %
1097;90011;DENISE HOMEM;PROS - PRTB / PROS / PEN;50;0,01 %
1098;12138;MARIA FERREIRA;PDT;49;0,01 %
1099;12320;RENATA MESQUITA;PDT;48;0,01 %
1100;50013;MARIA RITA;PSOL - PSOL / PCB;46;0,01 %
1101;50676;BEBEL NOGUEIRA;PSOL - PSOL / PCB;45;0,01 %
1102;14171;CARMEN EÇA;PTB;44;0,01 %
1103;25023;SUSU;DEM;44;0,01 %
1104;15175;CARLA MONTEIRO;PMDB;44;0,01 %
1105;12551;MARILENE ROCHA;PDT;43;0,01 %
1106;19026;ZENAIDE FRANÇA;PTN;43;0,01 %
1107;31312;JOELMA VIANNA;PHS;41;0,01 %
1108;25169;ESTER PURIM;DEM;41;0,01 %
1109;45312;JUSSARA MILOSKI;PSDB - PSDB / PPS;41;0,01 %
1110;45639;ROSANGELA ANDRE;PSDB - PSDB / PPS;41;0,01 %
1111;13274;CREUZENI MENEZES CM;PT - PT / PC do B;40;0,01 %
1112;12481;MARCELO ROLHA;PDT;40;0,01 %
1113;51151;TATIANA GUIMARÃES;PEN - PRTB / PROS / PEN;40;0,01 %
1114;20018;BEATRIZ SILVA;PSC;39;0,01 %
1115;12066;MARLI COSTA;PDT;37;0,01 %
1116;15181;ROBERTA FERREIRA;PMDB;37;0,01 %
1117;11031;CAÇULA DO HORTO;PP;36;0,01 %
1118;13999;CARMEM DE BENTO RIBEIRO;PT - PT / PC do B;35;0,01 %
1119;20418;MARCOS RIBEIRO DA PAVUNA;PSC;35;0,01 %
1120;19539;LUCIENE MARTINS;PTN;34;0,01 %
1121;36123;DEIA ALBINO;PTC - PT do B / PTC;34;0,01 %
1122;33773;LUCIA BRUNO;PMN;34;0,01 %
1123;12532;JENNIFER RODRIGUES;PDT;34;0,01 %
1124;11991;WALCYR;PP;33;0,01 %
1125;31122;ELIANI SALLES;PHS;33;0,01 %
1126;65762;PAULO SERGIO;PC do B - PT / PC do B;33;0,01 %
1127;13713;ELAINE CARDOSO;PT - PT / PC do B;33;0,01 %
1128;11013;ANA VILLELA;PP;32;0,01 %
1129;12741;JOSE CARLOS;PDT;31;0,01 %
1130;55577;MARCILIO GONDIM;PSD;31;0,01 %
1131;15198;CLAUDIA MELO;PMDB;30;0,01 %
1132;12019;MARIA DIVULGADORA;PDT;30;0,01 %
1133;11695;MARIA DA PENHA;PP;29;0,01 %
1134;33777;SÔNIA LIMA;PMN;27;0,01 %
1135;25270;SERAFIM CRUZ;DEM;27;0,01 %
1136;25277;NARAH DIAS;DEM;27;0,01 %
1137;51335;FABIANO CARNEIRO;PEN - PRTB / PROS / PEN;26;0,01 %
1138;13762;MICHELI MELO;PT - PT / PC do B;26;0,01 %
1139;14013;ANABEL CORREIA;PTB;25;0,01 %
1140;51061;MARIA SILVA;PEN - PRTB / PROS / PEN;24;0,01 %
1141;28176;JAQUELINE VANZELER;PRTB - PRTB / PROS / PEN;24;0,01 %
1142;12941;ELTON SALES;PDT;22;0,01 %
1143;20008;VANDREZA;PSC;22;0,01 %
1144;13007;ROSSI JR;PT - PT / PC do B;21;0,01 %
1145;45947;VALÉRIA GALVÃO;PSDB - PSDB / PPS;20;0,01 %
1146;25958;CLAUDIA LINS;DEM;19;0,01 %
1147;15542;SELMA CRUZ;PMDB;19;0,01 %
1148;12301;INDIA;PDT;19;0,01 %
1149;12241;CLEODA;PDT;19;0,01 %
1150;50879;NOELI DEUSCHT;PSOL - PSOL / PCB;17;0,01 %
1151;36310;PROFESSORA SANDRA CARVALHO;PTC - PT do B / PTC;17;0,01 %
1152;20009;CLÁUDIA SIMAS;PSC;16;0,01 %
1153;25012;EDMUNDO SARCINELI;DEM;16;0,01 %
1154;25700;IVONE SANTOS;DEM;15;0,01 %
1155;20016;MARTHA FIGUEIREDO;PSC;15;0,01 %
1156;12634;ANA LUCIA CORREA;PDT;15;0,01 %
1157;70444;DRA. ELAINE LIMA;PT do B - PT do B / PTC;15;0,01 %
1158;11350;SCARLETT ROSE;PP;15;0,01 %
1159;55327;JOANA SANTOS;PSD;13;0,01 %
1160;77434;GISELE BARROS;SD - SD / PSL;13;0,01 %
1161;70171;JESSY BELUCCI;PT do B - PT do B / PTC;12;0,01 %
1162;20006;PRISCILA CAVALCANTE;PSC;11;0,01 %
1163;15180;EDILSON ERNESTO;PMDB;9;0,01 %
1164;25240;BETH DA CIDADE ALTA;DEM;8;0,01 %
1165;33702;ELIZETE DA BELEZA;PMN;7;0,01 %
1166;15484;DALVA;PMDB;7;0,01 %
1167;36091;MARIÂNGELA SANTOS;PTC - PT do B / PTC;6;0,01 %
1168;11919;ISABEL DA LIMPEZA;PP;6;0,01 %
1169;33393;CLAUDIA LA PAZ;PMN;5;0,01 %
1170;15763;MARA ATHAYDE;PMDB;5;0,01 %
1171;14638;MARCIA MARTINS;PTB;5;0,01 %
1172;15922;ROMILDA TEIXEIRA;PMDB;3;0,01 %
1173;15137;JOCILENE FERREIRA;PMDB;2;0,01 %
1174;33260;SANDRA GOMES;PMN;1;0,01 %
1175;19079;MARTA GUERREIRA;PTN;0;0,00 %
1176;77963;SELMA MARIA;SD - SD / PSL;0;0,00 %
1177;33869;NEIDE SIMAO;PMN;0;0,00 %
1178;33281;ELIZÂNGELA DIAS;PMN;0;0,00 %
1179;33295;GLAUCIA DIAS;PMN;0;0,00 %
1180;33461;GISLEIDA FREITAS;PMN;0;0,00 %
1181;22555;DEL;PR;11.088;0,38 %
1182;18193;MARCIO GARCIA;REDE - PV / REDE / PPL;6.626;0,23 %
1183;18123;JEFFERSON MOURA;REDE - PV / REDE / PPL;5.746;0,20 %
1184;27000;RONALDO DE MELO;PSDC;4.597;0,16 %
1185;18000;CELIO GARI;REDE - PV / REDE / PPL;4.190;0,14 %
1186;44000;EDSON REIS;PRP;3.835;0,13 %
1187;22222;VAILSON LESSA;PR;3.825;0,13 %
1188;44123;MARCELO RIBEIRO;PRP;3.721;0,13 %
1189;18603;RUBENS ANDRADE;REDE - PV / REDE / PPL;3.398;0,12 %
1190;40444;DR EMANUEL TORQUATO;PSB;3.391;0,12 %
1191;22347;GUIGA;PR;3.176;0,11 %
1192;40100;FLAVIO PATO;PSB;3.174;0,11 %
1193;35444;EDMUNDO COELHO;PMB;2.944;0,10 %
1194;44159;ÁLVARO CARDOSO;PRP;2.793;0,10 %
1195;18018;DR ASSAD;REDE - PV / REDE / PPL;2.459;0,08 %
1196;18200;DAVI SILVA;REDE - PV / REDE / PPL;2.094;0,07 %
1197;27333;MÁRCIO GUALBERTO;PSDC;2.023;0,07 %
1198;27665;CRISTIANO VIEIRA;PSDC;1.924;0,07 %
1199;40666;FLAVIO AMORIM;PSB;1.880;0,06 %
1200;40222;PROFESSOR RODOLFO COUTO;PSB;1.860;0,06 %
1201;22002;EVANDRO MACHADO;PR;1.856;0,06 %
1202;27107;JOCA REZENDE;PSDC;1.846;0,06 %
1203;18555;WILLIAM DE OLIVEIRA;REDE - PV / REDE / PPL;1.808;0,06 %
1204;27888;HIGINO CARLOS;PSDC;1.674;0,06 %
1205;22001;AMIGO DÉ;PR;1.620;0,06 %
1206;22122;TIAÕ MADEIRA;PR;1.606;0,05 %
1207;27772;DR.J.SANTANA;PSDC;1.603;0,05 %
1208;40012;LUIZ SALOMÃO;PSB;1.587;0,05 %
1209;27014;PROF. EDMUNDO EUTROPIO;PSDC;1.581;0,05 %
1210;44400;GESIEL O PINGO;PRP;1.475;0,05 %
1211;22342;BRUNO TOPETE;PR;1.471;0,05 %
1212;35700;BINHO;PMB;1.412;0,05 %
1213;40193;THIAGO BRABO BOMBEIRO;PSB;1.406;0,05 %
1214;44321;MC SERGINHO;PRP;1.366;0,05 %
1215;40762;RICARDO MENDES;PSB;1.327;0,05 %
1216;18108;LISI MUTTI;REDE - PV / REDE / PPL;1.323;0,05 %
1217;43047;PROF. MARCELO BARATA;PV - PV / REDE / PPL;1.283;0,04 %
1218;44789;LEANDRO SOUZA;PRP;1.227;0,04 %
1219;18678;DR HYLTON LUZ;REDE - PV / REDE / PPL;1.223;0,04 %
1220;35035;CATIA CRUZ;PMB;1.139;0,04 %
1221;40124;MIDO;PSB;1.135;0,04 %
1222;44555;WAGNER CAPOEIRA;PRP;1.045;0,04 %
1223;43333;ROCCO;PV - PV / REDE / PPL;1.027;0,04 %
1224;40051;RENATO ZACA;PSB;1.022;0,03 %
1225;27707;PAULO CESAR;PSDC;1.021;0,03 %
1226;44484;ARAGÃO;PRP;975;0,03 %
1227;35224;AMARO DE MADUREIRA;PMB;947;0,03 %
1228;35007;ADRIANO COUTO;PMB;942;0,03 %
1229;40000;JOÃO JUNIOR;PSB;934;0,03 %
1230;35999;OIBE COSTA;PMB;884;0,03 %
1231;44777;HUGO FERNANDES;PRP;881;0,03 %
1232;27555;JORGESTILO;PSDC;873;0,03 %
1233;35250;DENISE VIGILANTE;PMB;856;0,03 %
1234;35333;DINALVA LOPES;PMB;853;0,03 %
1235;40044;LÉO RUSSO;PSB;839;0,03 %
1236;44001;LENY DA ÁFRICA;PRP;816;0,03 %
1237;18700;JONAS TIAGO;REDE - PV / REDE / PPL;811;0,03 %
1238;44444;BRAZ PAULINO;PRP;803;0,03 %
1239;43123;GUILHERME ZUGLIANI;PV - PV / REDE / PPL;765;0,03 %
1240;35135;MAURICIO DUTT;PMB;762;0,03 %
1241;40456;DANIEL MARCOLAU;PSB;754;0,03 %
1242;44038;RAFAEL SILVA;PRP;747;0,03 %
1243;35777;CLAUDIA AMADA;PMB;733;0,03 %
1244;44002;JULINHO;PRP;724;0,02 %
1245;22121;JORGE LEIBE;PR;715;0,02 %
1246;22007;FABRICIO ALVES;PR;693;0,02 %
1247;40969;GASPAR;PSB;690;0,02 %
1248;44567;ALTAIR NENÉM DE QUINTINO;PRP;685;0,02 %
1249;18444;IVAN MONTEIRO;REDE - PV / REDE / PPL;683;0,02 %
1250;44888;JORGE PARÁ;PRP;642;0,02 %
1251;54223;LUIZ ENFERMEIRO DO POVO;PPL - PV / REDE / PPL;638;0,02 %
1252;35555;PROFESSORA MARCIA MENDES;PMB;638;0,02 %
1253;22023;MARCUS MARUCHE;PR;629;0,02 %
1254;44136;TUNINHO;PRP;620;0,02 %
1255;27567;PETA LESSA;PSDC;614;0,02 %
1256;35123;ELAINE COSTA;PMB;611;0,02 %
1257;43803;AMANDIO CESAR;PV - PV / REDE / PPL;601;0,02 %
1258;44100;BARBOSA;PRP;597;0,02 %
1259;27227;ANDREI DE CARLOS;PSDC;579;0,02 %
1260;44044;JULIANA GARCIA;PRP;575;0,02 %
1261;27999;JOÃO CABRAL NETO;PSDC;571;0,02 %
1262;27910;JOÃO ZONA SUL;PSDC;569;0,02 %
1263;40161;MARCELO BILL;PSB;565;0,02 %
1264;27101;PAULO GOMES;PSDC;557;0,02 %
1265;18111;VITOR MEDEIROS;REDE - PV / REDE / PPL;535;0,02 %
1266;35353;MAURÍLIA A VOZ DOS BAIRROS;PMB;534;0,02 %
1267;44014;LUIZ BARBOZA;PRP;532;0,02 %
1268;22247;TIA JÔ;PR;532;0,02 %
1269;54777;PROFESSOR MAURO OLIVEIRA;PPL - PV / REDE / PPL;531;0,02 %
1270;35551;ZÉ DA VÓ;PMB;528;0,02 %
1271;35580;TELESMAR SAMPAIO;PMB;527;0,02 %
1272;22778;ROGERIO FERNANDES;PR;525;0,02 %
1273;27345;PROFESSOR PACHECO;PSDC;522;0,02 %
1274;44351;EMANUEL PONTES;PRP;522;0,02 %
1275;27256;RICARDO PORTUGAL;PSDC;514;0,02 %
1276;22333;JULIO MACAÉ;PR;499;0,02 %
1277;22032;CLEMENTINO;PR;499;0,02 %
1278;27278;PAULO ROBERTO BOTELHO;PSDC;497;0,02 %
1279;54540;TOMIRES TOTO;PPL - PV / REDE / PPL;494;0,02 %
1280;44220;DIEGO GROSSI;PRP;494;0,02 %
1281;40555;DINO CADEIRANTE;PSB;493;0,02 %
1282;35300;DAVID BELEM;PMB;479;0,02 %
1283;16001;BRAYER;PSTU;478;0,02 %
1284;22088;PROF CLAUDIO;PR;471;0,02 %
1285;35100;ADMINISTRADORA NEUSA CARVALHO;PMB;468;0,02 %
1286;43777;EDEVALDO OLIVEIRA;PV - PV / REDE / PPL;467;0,02 %
1287;35126;LUCIANO BADÁ;PMB;463;0,02 %
1288;22111;EDY DA ROCINHA;PR;462;0,02 %
1289;22392;MESTRE JANUARIO;PR;461;0,02 %
1290;35600;CARLINHO DE URUCÂNIA;PMB;456;0,02 %
1291;43649;ANDRÉ MIRANDA;PV - PV / REDE / PPL;455;0,02 %
1292;22010;DR TAMBURIM;PR;452;0,02 %
1293;18851;ROMANO;REDE - PV / REDE / PPL;432;0,01 %
1294;27767;ALMIR CANELINHA;PSDC;427;0,01 %
1295;22000;JORGE DA RETA;PR;427;0,01 %
1296;35141;DR.LEONARDO MOLL;PMB;422;0,01 %
1297;35779;IVANA PARANHOS;PMB;417;0,01 %
1298;35111;VILMA SEPETIBA;PMB;416;0,01 %
1299;22533;REGINA DA SILVA;PR;414;0,01 %
1300;35235;CONSELHEIRO GILBERTO COSTA;PMB;385;0,01 %
1301;18915;MARCIA DANTAS;REDE - PV / REDE / PPL;382;0,01 %
1302;44221;FABIO COSTA;PRP;380;0,01 %
1303;43310;CHIQUINHO DA ILHA;PV - PV / REDE / PPL;379;0,01 %
1304;44999;GLEIDSON MONTEIRO;PRP;377;0,01 %
1305;18643;FERNANDO LIMA;REDE - PV / REDE / PPL;374;0,01 %
1306;43000;SIDNEI SILVA;PV - PV / REDE / PPL;357;0,01 %
1307;35543;PAULO FERREIRA PLAYBOY;PMB;356;0,01 %
1308;35572;GARI DOMINGOS FERNANDES;PMB;355;0,01 %
1309;43433;LIERTE LACERDA;PV - PV / REDE / PPL;353;0,01 %
1310;43249;PROFESSOR ALLAN;PV - PV / REDE / PPL;349;0,01 %
1311;27005;GEORGE RAMOS;PSDC;343;0,01 %
1312;35122;MORENA DO AÇAÍ;PMB;343;0,01 %
1313;54988;ELZA SERRA;PPL - PV / REDE / PPL;342;0,01 %
1314;43100;VALDECI MARTINS;PV - PV / REDE / PPL;336;0,01 %
1315;35200;ANGELO DINIZ;PMB;334;0,01 %
1316;18010;ENDY;REDE - PV / REDE / PPL;329;0,01 %
1317;40168;VALÉRIA MATOS;PSB;327;0,01 %
1318;22487;MARCÃO;PR;324;0,01 %
1319;16123;ELIAS JOSE;PSTU;322;0,01 %
1320;44500;CELIO SANTOS;PRP;320;0,01 %
1321;35222;MOLEZINHA;PMB;318;0,01 %
1322;44020;ERNESTO BAMBU;PRP;316;0,01 %
1323;18012;TATIANA GUERRA;REDE - PV / REDE / PPL;316;0,01 %
1324;16000;SAMANTHA GUEDES;PSTU;314;0,01 %
1325;18321;ROBERTA JULLIE;REDE - PV / REDE / PPL;311;0,01 %
1326;18016;SANI CRISTIANE;REDE - PV / REDE / PPL;310;0,01 %
1327;18999;MAURILIO;REDE - PV / REDE / PPL;309;0,01 %
1328;18606;YVE FRANCO;REDE - PV / REDE / PPL;308;0,01 %
1329;43043;EDUARDO ACOSTA;PV - PV / REDE / PPL;307;0,01 %
1330;44316;FRYDA LUCI;PRP;307;0,01 %
1331;40067;FELIPE RODRIGUES;PSB;302;0,01 %
1332;40659;ANDRE PACHECO O PADRINHO;PSB;296;0,01 %
1333;27353;FRED;PSDC;290;0,01 %
1334;18070;JOÃO FERREIRA;REDE - PV / REDE / PPL;290;0,01 %
1335;27277;PROFESSOR FILIPE;PSDC;287;0,01 %
1336;40290;SYLVIO GOUVÊA;PSB;284;0,01 %
1337;22444;SOL ARCANJO;PR;283;0,01 %
1338;22008;SAMUEL JARDIM;PR;275;0,01 %
1339;22624;ROBSON CARECA;PR;271;0,01 %
1340;54321;ALCEU TOTTI;PPL - PV / REDE / PPL;269;0,01 %
1341;27700;CASSIO TAUFER;PSDC;269;0,01 %
1342;35400;EDINALDO TELES;PMB;263;0,01 %
1343;54555;CELSO PEDREIRO;PPL - PV / REDE / PPL;262;0,01 %
1344;43321;RODRIGO VILLA VERDE;PV - PV / REDE / PPL;262;0,01 %
1345;22652;NANDO DE PILARES;PR;258;0,01 %
1346;18180;RENATA NERES;REDE - PV / REDE / PPL;254;0,01 %
1347;22822;IVANETE OSCAR;PR;249;0,01 %
1348;27777;FERNANDO SHOPPING;PSDC;248;0,01 %
1349;40856;SERGIO FREITAS;PSB;248;0,01 %
1350;44156;MARIO SANTOS;PRP;247;0,01 %
1351;35258;AMIGO SERJÃO;PMB;247;0,01 %
1352;22857;RAMINHO DA SILVA;PR;245;0,01 %
1353;18958;WAGNER EVARISTO;REDE - PV / REDE / PPL;245;0,01 %
1354;35009;REZENDE DAS MAQUINAS;PMB;243;0,01 %
1355;27100;REGINA PAIXÃO;PSDC;243;0,01 %
1356;27007;ALEXANDRE TARGINO;PSDC;238;0,01 %
1357;35028;MARCIA PINHO;PMB;237;0,01 %
1358;35900;ATILA RAMOS;PMB;235;0,01 %
1359;35225;ISABELA SALEME;PMB;221;0,01 %
1360;43021;ELVIS SIQUEIRA;PV - PV / REDE / PPL;221;0,01 %
1361;44021;HAMBURGÃO;PRP;220;0,01 %
1362;18777;CLAUDETE COSTA;REDE - PV / REDE / PPL;218;0,01 %
1363;40123;PAULO VIANNA;PSB;216;0,01 %
1364;40808;AYRES FILHO;PSB;216;0,01 %
1365;44376;RUDSON GOMES;PRP;215;0,01 %
1366;27010;BENONE;PSDC;214;0,01 %
1367;18800;ANDRE WALTER TRUPIANO;REDE - PV / REDE / PPL;209;0,01 %
1368;44446;CARLOS CAMILO;PRP;208;0,01 %
1369;54000;FELIPE ESPOSITO;PPL - PV / REDE / PPL;205;0,01 %
1370;40557;SILENE CASTELLO BRANCO;PSB;204;0,01 %
1371;44322;SOUZA;PRP;203;0,01 %
1372;35888;LENORA CAVALIERI;PMB;197;0,01 %
1373;44011;CARECA CURANDEIRO;PRP;195;0,01 %
1374;44193;PASTOR SIDNEI LEANDRO;PRP;194;0,01 %
1375;43122;BRUNO COITINHO;PV - PV / REDE / PPL;194;0,01 %
1376;44015;ALEXANDRE XANDÓ;PRP;193;0,01 %
1377;22011;MORAES MURALHA;PR;189;0,01 %
1378;18100;ANDRE SILVA;REDE - PV / REDE / PPL;189;0,01 %
1379;27789;PAULO SIQUEIRA;PSDC;187;0,01 %
1380;40777;ROSANGELA GADELHA;PSB;186;0,01 %
1381;44404;ALTAIR FERNANDES ALVES;PRP;185;0,01 %
1382;43200;BRUNA CEZAR;PV - PV / REDE / PPL;178;0,01 %
1383;54888;LEILA MOTORISTA;PPL - PV / REDE / PPL;174;0,01 %
1384;18333;FABIA KISA;REDE - PV / REDE / PPL;174;0,01 %
1385;44889;DR. ANDRÉ MUTO;PRP;173;0,01 %
1386;44018;TIO TUNINHO;PRP;171;0,01 %
1387;35282;MONICA TAPPLER;PMB;171;0,01 %
1388;22607;SHIRLENE MATOSO;PR;168;0,01 %
1389;22369;NENO;PR;168;0,01 %
1390;40963;MARIZA NASCIMENTO;PSB;167;0,01 %
1391;22918;JOSE DE SOUZA;PR;166;0,01 %
1392;43006;MILTON GIL;PV - PV / REDE / PPL;166;0,01 %
1393;44652;JOÃO MARCOLINO;PRP;165;0,01 %
1394;43300;PEDRO PUTZIGER;PV - PV / REDE / PPL;164;0,01 %
1395;44101;GERALDO SILVESTRE;PRP;163;0,01 %
1396;35244;CORBINIANO GARCEZ;PMB;162;0,01 %
1397;44115;CLAUDIO DA SILVA CAIRO;PRP;161;0,01 %
1398;44747;MARCELO SALLES;PRP;160;0,01 %
1399;40999;DANIELLE FENTA;PSB;160;0,01 %
1400;54660;JIMMY DE OLIVEIRA;PPL - PV / REDE / PPL;154;0,01 %
1401;22113;CINTRA;PR;151;0,01 %
1402;22522;LUIZ ANTONIO ALVES;PR;151;0,01 %
1403;44755;CARLA MEDEIROS;PRP;150;0,01 %
1404;35765;DON NEGRALLA;PMB;149;0,01 %
1405;35188;MARCIA ALVES;PMB;148;0,01 %
1406;35001;MAURICIO ABRÃO;PMB;146;0,01 %
1407;22039;SIVAL;PR;144;0,01 %
1408;44031;GEORGE MAGGESSY;PRP;141;0,01 %
1409;44456;BIANCA RODRIGUES MOTTA HERCULA;PRP;140;0,01 %
1410;35636;PSICÓLOGA MARIA LARANJEIRA;PMB;139;0,01 %
1411;35010;MÁRCIO TAVARES;PMB;139;0,01 %
1412;18008;WALDEMAR CHAGAS;REDE - PV / REDE / PPL;130;0,01 %
1413;44222;PASTOR WALLACE DOS SANTOS;PRP;126;0,01 %
1414;43521;LU MONTEIRO;PV - PV / REDE / PPL;126;0,01 %
1415;44144;ADELPHO PITTIGLIANI;PRP;125;0,01 %
1416;44010;ED POLO;PRP;122;0,01 %
1417;35133;ANA LUCIA COSTA;PMB;121;0,01 %
1418;16016;JULIO ANSELMO;PSTU;121;0,01 %
1419;40707;NEIDELY FARIAS;PSB;120;0,01 %
1420;44070;ILSON LELE;PRP;119;0,01 %
1421;35778;SANDRA GUERREIRA;PMB;118;0,01 %
1422;43133;TARCÍSIO YAMAMOTO;PV - PV / REDE / PPL;118;0,01 %
1423;44104;AMILTON GROSSI;PRP;117;0,01 %
1424;27111;JIBOIA;PSDC;116;0,01 %
1425;22581;TEREZINHA DA COROA;PR;114;0,01 %
1426;22365;MARIZA NOBRE;PR;113;0,01 %
1427;44022;RICARDO PEREIRA JÁ É RIO;PRP;113;0,01 %
1428;43111;MARCOS MELLO;PV - PV / REDE / PPL;113;0,01 %
1429;44455;CRIS BOMBANDO;PRP;112;0,01 %
1430;44077;CARINE MONIQUE;PRP;110;0,01 %
1431;44145;WANDERSON CARNEIRO;PRP;109;0,01 %
1432;43555;DELAINE;PV - PV / REDE / PPL;108;0,01 %
1433;22350;HUGO NEGREIROS;PR;108;0,01 %
1434;35567;RENATO BENN;PMB;106;0,01 %
1435;22888;SEBASTIAN DE JESUS;PR;105;0,01 %
1436;22758;MARCIA MOREIRA;PR;105;0,01 %
1437;44190;EVANDRO SER HUMANO;PRP;101;0,01 %
1438;18133;JOÃO ARAUJO;REDE - PV / REDE / PPL;100;0,01 %
1439;35789;CLAUDIA HARRIS;PMB;96;0,01 %
1440;35000;ANDREIA SCHUTZ;PMB;96;0,01 %
1441;35008;PEIXE DO SAMBA;PMB;94;0,01 %
1442;35131;FELIPE SIM;PMB;93;0,01 %
1443;43032;FERNANDO VILAS BOAS;PV - PV / REDE / PPL;93;0,01 %
1444;16007;FERNANDO MACHADO;PSTU;93;0,01 %
1445;22343;ROSE;PR;93;0,01 %
1446;27123;HELEN BARRETO;PSDC;91;0,01 %
1447;22349;TIA ROSE DO KIOSQUE;PR;90;0,01 %
1448;35234;PATRICIA TEIXEIRA;PMB;89;0,01 %
1449;44171;MÁRCIO DA BARRA;PRP;88;0,01 %
1450;40096;ELIANA QUEIROZ;PSB;87;0,01 %
1451;54246;JOSIEL PAPALÉGUA;PPL - PV / REDE / PPL;86;0,01 %
1452;54123;EDUARDO HOMEM;PPL - PV / REDE / PPL;85;0,01 %
1453;22255;RODRIGO SANTILVAN;PR;85;0,01 %
1454;35979;LUCIA SONS;PMB;84;0,01 %
1455;22508;SONNY ALVES;PR;82;0,01 %
1456;18979;LUCIANA OROZIMBO;REDE - PV / REDE / PPL;82;0,01 %
1457;22225;ZEZE DO POVO;PR;77;0,01 %
1458;35482;JUNIOR;PMB;77;0,01 %
1459;35470;MARIO BATISTA 2016;PMB;76;0,01 %
1460;29292;LUCIO BARBOSA;PCO;76;0,01 %
1461;22056;MEU NOME É ENEAS FILHO;PR;75;0,01 %
1462;22773;JACIARA SANTOS;PR;74;0,01 %
1463;40101;ESTER COSTA;PSB;73;0,01 %
1464;29293;DAYSE LUCID;PCO;73;0,01 %
1465;43003;ROSINHA BARROS;PV - PV / REDE / PPL;72;0,01 %
1466;35144;CLAUDIA  MAIA;PMB;72;0,01 %
1467;35116;BENTO 35116;PMB;71;0,01 %
1468;43700;MARIZA;PV - PV / REDE / PPL;68;0,01 %
1469;54054;LUCIENE NOGUEIRA;PPL - PV / REDE / PPL;67;0,01 %
1470;27666;VIVIANI DELLA;PSDC;66;0,01 %
1471;44122;ROSI GUERREIRA;PRP;66;0,01 %
1472;54277;VANISE NUNES;PPL - PV / REDE / PPL;66;0,01 %
1473;27191;LUCIANA GOMES;PSDC;64;0,01 %
1474;44128;LEOBINO;PRP;62;0,01 %
1475;44901;VERA LÚCIA MOURÃO;PRP;61;0,01 %
1476;22777;RICARDO NÊGGO TOM;PR;59;0,01 %
1477;54077;ALLAN VIGILANTE;PPL - PV / REDE / PPL;59;0,01 %
1478;16006;PAMELA FAGUNDES;PSTU;54;0,01 %
1479;35110;SALLIM SOLUÇÃO AMOR NO CORAÇÃO;PMB;52;0,01 %
1480;18192;ALESSANDRA S.O.S;REDE - PV / REDE / PPL;50;0,01 %
1481;44833;LARISA TORRES;PRP;50;0,01 %
1482;35510;PAPAI NOEL DO CAIS DO PORTO;PMB;45;0,01 %
1483;27247;JOSÉ RAMOS;PSDC;40;0,01 %
1484;44016;JO;PRP;39;0,01 %
1485;44009;BIANCA PROVENÇANO;PRP;38;0,01 %
1486;40838;HELOISA HELENA;PSB;36;0,01 %
1487;35050;CARLO NEVES;PMB;33;0,01 %
1488;44224;ELOISA MARIA;PRP;28;0,01 %
1489;44476;DALILA;PRP;26;0,01 %
1490;27140;MARROM;PSDC;22;0,01 %
1491;40852;MICHEL BARBOSA;PSB;22;0,01 %
1492;35345;RONY LUCAS;PMB;21;0,01 %
1493;22613;LUCY;PR;21;0,01 %
1494;40661;KATIA VITAL;PSB;19;0,01 %
1495;44333;ADRIANO PRISCO;PRP;10;0,01 %
1496;18698;IGNEZ CINTRA;REDE - PV / REDE / PPL;9;0,01 %
1497;44007;JANE GASPI;PRP;7;0,01 %
1498;22244;IZAURA SANTILVAN;PR;6;0,01 %
1499;43113;MARTA B;PV - PV / REDE / PPL;6;0,01 %
1500;44118;LUCIANA RANGEL;PRP;5;0,01 %
1501;35236;VINICIUS LESSA;PMB;4;0,01 %
1502;44013;CONCHITA;PRP;4;0,01 %
1503;44453;GORETH;PRP;4;0,01 %
1504;44991;ANA TOVAR;PRP;4;0,01 %
1505;27712;ROSANA POTIGUARA;PSDC;2;0,01 %
1506;44447;DENISE FERNANDES;PRP;2;0,01 %
1507;44801;DANIELLE VAZ;PRP;1;0,01 %
#1508;27996;CAZUZO;PSDC;0;0,00 %
#1509;44017;LORENS LOPES;PRP;0;0,00 %
#1510;25974;EDMEA MAIA;DEM;0;0,00 %
#1511;14444;FERNANDO BICUDO;PTB;0;0,00 %
#1512;35666;PINTINHO DE OLARIA;PMB;0;0,00 %
#1513;31993;MARIA DA CONCEIÇÃO;PHS;0;0,00 %
#1514;35020;JOÃO BITENCOURT ( O GAÚCHO );PMB;0;0,00 %
#1515;14109;SILVIO KONIG RAIOS X;PTB;0;0,00 %
#1516;36004;CANDINHO;PTC - PT do B / PTC;0;0,00 %
#1517;27013;VILMA A GUERREIRA DA Z.OESTE;PSDC;0;0,00 %
#1518;35678;ROMULO COSTA;PMB;0;0,00 %
#1519;35012;SANDRA MARIA;PMB;0;0,00 %
#1520;14746;PROF. VALQUÍRIA;PTB;0;0,00 %
#1521;33678;MAURO SILVA PROFESSOR PEDADOGO;PMN;0;0,00 %
#1522;27173;MACHINE;PSDC;0;0,00 %
#1523;17222;PROFESSOR ISRAEL;PSL - SD / PSL;0;0,00 %
1524;44998;GUARA MARINHO;PRP;0;0,00 %
#1525;27444;JACY FONSECA;PSDC;0;0,00 %
#1526;44700;PAULO DE SANTA CRUZ;PRP;0;0,00 %
#1527;13666;IANE GERMANO;PT - PT / PC do B;0;0,00 %
#1528;31138;DILMA LESSA;PHS;0;0,00 %
#1529;33194;JOANINHA DE JESUS;PMN;0;0,00 %
#1530;90111;RAPHAEL VILLARDY;PROS - PRTB / PROS / PEN;0;0,00 %
#1531;27116;NEIVA ALENCAR;PSDC;0;0,00 %
#1532;12787;NEREIDE PEDREGAL;PDT;0;0,00 %
#1533;35690;CLAUDIO DEDE;PMB;0;0,00 %
#1534;35115;PAULINHO  CARDOSO;PMB;0;0,00 %
#1535;31044;ELIZA PACHECO;PHS;0;0,00 %
#1536;45978;RENATÃO;PSDB - PSDB / PPS;0;0,00 %
#1537;27003;SILVIA REGINA;PSDC;0;0,00 %
#1538;65763;LUCI DUPRET;PC do B - PT / PC do B;0;0,00 %
#1539;35780;NELSON BRAGA;PMB;0;0,00 %
#1540;35553;LUCAS CHAGAS;PMB;0;0,00 %
#1541;27222;TARZAN DE VILA ISABEL;PSDC;0;0,00 %
#1542;27342;MAIK NASCIMENTO;PSDC;0;0,00 %
#1543;70012;BETE SORRISO;PT do B - PT do B / PTC;0;0,00 %
#1544;22678;RUTINHA;PR;0;0,00 %
#1545;77877;GEISO DO CASTELO RIO DAS PEDRA;SD - SD / PSL;0;0,00 %
#1546;17456;CLÁUDIA BRITO;PSL - SD / PSL;0;0,00 %
#1547;44111;MARCIO TEIXEIRA;PRP;0;0,00 %
#1548;27077;EDNA DA ÁGUA;PSDC;0;0,00 %
#1549;25175;JOANA DARC;DEM;0;0,00 %
#1550;27018;VALTER CAMARGO;PSDC;0;0,00 %
#1551;25225;PROFESSORA MARISELMA;DEM;0;0,00 %
#1552;17777;CLOVIS CARDOSO;PSL - SD / PSL;0;0,00 %
#1553;55221;MACIEIRA;PSD;0;0,00 %
#1554;50051;LÁZARO ARRUDA;PSOL - PSOL / PCB;0;0,00 %
#1555;70151;MARTA MACHADO;PT do B - PT do B / PTC;0;0,00 %
#1556;31301;PROFESSOR ROBSON LUIS;PHS;0;0,00 %
#1557;28456;NEUSA MARQUES;PRTB - PRTB / PROS / PEN;0;0,00 %
#1558;28394;JORGE MELO;PRTB - PRTB / PROS / PEN;0;0,00 %
#1559;35635;MARCOS ALEXANDRE TAVARES;PMB;0;0,00 %
#1560;70321;VANESSA FELIPPE;PT do B - PT do B / PTC;0;0,00 %
#1561;70716;CRISTIANE BASÍLIO;PT do B - PT do B / PTC;0;0,00 %
#1562;27272;CRISTIAN MEDEIROS;PSDC;0;0,00 %
#1563;90003;TIA LENA;PROS - PRTB / PROS / PEN;0;0,00 %
#1564;35355;GILMARA ALVES;PMB;0;0,00 %
#1565;27027;MATUSALME;PSDC;0;0,00 %
#1566;27066;MICHELLE PRADO;PSDC;0;0,00 %
#1567;77152;SILA  MENESES;SD - SD / PSL;0;0,00 %
#1568;40002;LUCIANO GOES;PSB;0;0,00 %
#1569;33669;SUELI DO CHIP;PMN;0;0,00 %
#1570;35691;LÉO DO MOA;PMB;0;0,00 %
#1571;27075;LIZZA DIAS;PSDC;0;0,00 %
#1572;27377;SURIEL NOCCHI;PSDC;0;0,00 %
#1573;40417;ANGELA CAPURRO;PSB;0;0,00 %
#1574;22377;DARVI SANTOS;PR;0;0,00 %
#1575;22744;ANA BALA;PR;0;0,00 %
#1576;14976;RAIMUNDO MACEDO;PTB;0;0,00 %
#1577;27002;LUCIMAR FERREIRA;PSDC;0;0,00 %
#1578;40476;ROSIANE ALCÂNTARA;PSB;0;0,00 %
#1579;14151;TIA RITA;PTB;0;0,00 %
#1580;35851;MARCOS LADEIRA;PMB;0;0,00 %
#1581;31113;MARCIO LUIZ DA ROCHA;PHS;0;0,00 %
#1582;50007;RAFAEL MELLO;PSOL - PSOL / PCB;0;0,00 %
#1583;31058;MARCIA COSTA;PHS;0;0,00 %
#1584;43444;JACQUE;PV - PV / REDE / PPL;0;0,00 %
#1585;15039;RICARDO PIMENTEL;PMDB;0;0,00 %
#1586;40333;ALESSANDRA FERRAZ;PSB;0;0,00 %
#1587;15996;LU PIRES;PMDB;0;0,00 %
#1588;31280;LIDIA GOMES;PHS;0;0,00 %
#1589;35017;ANDRE CARQUEJA;PMB;0;0,00 %
#1590;17025;GINO;PSL - SD / PSL;0;0,00 %
#1591;22166;PATRICK GOMES;PR;0;0,00 %
#1592;33276;MONIQUE ARAUJO;PMN;0;0,00 %
#1593;20911;MAJOR ELITUSALEM FREITAS;PSC;0;0,00 %
#1594;17123;MONIQUI AYRES;PSL - SD / PSL;0;0,00 %
#1595;77017;MICHELLE NASCIMENTO;SD - SD / PSL;0;0,00 %
#1596;33665;JACQUELINE SILVA;PMN;0;0,00 %
#1597;20023;AVENA;PSC;0;0,00 %
#1598;44004;CAIO;PRP;0;0,00 %
#1599;44223;RANI COUTINHO;PRP;0;0,00 %
#1600;22877;CELIO SILVA;PR;0;0,00 %
#1601;33077;MANOLO;PMN;0;0,00 %
#1602;33764;VIVIANE VIEIRA;PMN;0;0,00 %
#1603;27001;AMANDA MOURA;PSDC;0;0,00 %
#1604;55321;MARCELO NASCIMENTO;PSD;0;0,00 %
#1605;14400;PETER BRANDÃO;PTB;0;0,00 %
#1606;13813;JÉSSICA MENDES;PT - PT / PC do B;0;0,00 %
